throughput_mbps,packet_loss_pct,utilization_pct,snr_db,rsrp_dbm
0.0261,4.8785,0.0472,18.2,-108.0
8.2015,17.6346,15.7359,19.97,-114.0
5.5219,97.5135,12.9999,19.855,-114.0
8.1738,100.0,14.7736,19.52,-114.0
5.2876,3.092,7.9152,21.5,-115.0
6.374,98.1909,14.4622,15.915,-113.0
4.9738,100.0,13.9907,21.445,-108.71
6.529,11.183,11.8397,20.75,-113.0
6.3287,0.0737,13.6886,20.82,-114.0
2.6266,0.001,3.7736,19.845,-113.0
8.4554,97.551,16.0,20.795,-113.0
6.3667,100.0,15.0,33.205,-113.0
9.0228,100.0,16.2547,20.43,-113.0
3.4358,100.0,7.1793,20.18,-113.0
3.8412,99.4752,12.0095,21.945,-113.0
9.0998,100.0,15.0,33.98,-113.0
7.7197,99.046,14.0,20.255,-113.0
7.7887,99.4682,14.0,22.1,-113.0
7.8122,100.0,15.0,20.695,-113.0
7.7942,100.0,13.0,19.375,-113.0
8.2708,99.4813,15.1603,21.89,-113.0
5.9322,100.0,7.9434,21.505,-113.0
7.7945,100.0,12.0,21.185,-113.0
8.0802,100.0,16.8491,20.13,-113.0
5.4374,99.5156,10.1132,21.04,-113.0
8.0734,100.0,15.0,19.46,-113.0
2.7886,99.4675,6.6227,17.0,-113.0
8.3759,99.1462,15.0,19.03,-113.0
8.3758,100.0,18.0,20.665,-113.0
5.0926,99.7852,12.5661,19.97,-113.0
8.257,100.0,17.0,31.5,-113.0
8.4798,100.0,19.5472,21.375,-113.0
8.0431,100.0,16.0,19.845,-113.0
8.8945,98.4754,18.0,20.82,-113.0
7.6079,100.0,17.0755,22.5,-113.0
8.1703,100.0,13.0,20.805,-113.0
7.9824,100.0,12.4529,20.885,-113.0
7.8312,100.0,15.0,19.185,-113.0
6.2928,100.0,13.4246,33.15,-113.0
9.3422,100.0,20.0,22.275,-113.0
6.122,3.3153,13.3301,21.215,-113.0
3.1603,0.4188,5.6793,18.865,-113.0
2.2226,0.0067,2.3019,22.355,-113.0
6.0656,0.0405,11.5566,21.115,-114.0
1.8538,0.0,3.0,19.99,-114.0
5.6454,0.0,13.0094,21.88,-114.0
4.3529,0.0,10.8396,20.28,-114.0
8.8282,0.0,17.1414,20.595,-113.0
3.9176,0.0,6.0849,23.06,-114.0
7.6585,0.0,18.7169,21.11,-113.0
13.9918,0.0,25.4056,19.65,-113.0
5.8731,0.0,11.6698,21.075,-114.0
6.5558,0.0,15.1227,20.925,-114.0
6.0634,0.0,16.7073,21.93,-114.0
3.3626,0.0,7.0566,21.065,-114.0
5.8628,0.0,13.7924,20.5,-114.0
6.4615,0.0,9.8586,19.605,-113.0
3.9898,0.1225,9.8397,19.18,-113.0
15.9805,0.001,43.9997,21.34,-114.0
6.6531,0.333,14.3773,21.71,-114.0
3.1255,0.002,7.4718,21.3,-114.0
6.53,0.0,13.0754,21.165,-114.0
14.9862,0.0,24.4904,20.495,-114.0
5.6458,0.0,13.4906,21.175,-114.0
21.6954,0.0,43.1977,21.785,-113.0
6.7614,0.0,16.849,19.32,-113.0
4.2043,0.0,13.698,21.375,-113.0
6.3864,0.0,14.3677,19.64,-113.0
6.0887,0.0,9.67,21.59,-113.0
5.7193,2.2038,13.4715,20.355,-113.0
19.7158,0.0151,46.3298,20.835,-113.0
5.6514,0.0,13.3205,20.78,-113.0
17.1784,0.0,37.9618,22.71,-114.0
9.4726,0.0,21.9716,22.28,-113.0
5.5066,0.0,13.0942,20.01,-113.0
7.4162,0.0,18.0095,21.82,-113.0
4.5564,0.0,11.0282,19.665,-113.0
6.7316,1.6008,13.0376,19.92,-113.0
12.5801,0.0831,24.783,22.695,-113.0
5.6908,0.001,10.1602,19.87,-113.0
14.3614,0.0,29.528,20.665,-113.0
6.0187,0.0,10.4151,20.105,-113.0
13.053,0.0,29.1223,22.205,-113.0
9.3302,0.0,23.302,22.325,-113.0
5.3764,0.0,9.6793,21.015,-113.0
5.2626,0.0,11.3489,20.75,-113.0
4.8385,0.0,18.0375,22.765,-113.0
6.5587,0.0,14.783,19.96,-113.0
15.2563,0.0,34.2069,21.965,-113.0
5.7543,0.0,13.5944,22.125,-113.0
13.1295,0.0,22.4903,23.125,-113.0
4.6101,0.6843,14.1698,21.42,-113.0
16.848,0.005,37.7733,22.23,-113.0
6.3039,0.1864,14.0848,21.295,-113.0
0.4938,0.001,0.0944,22.125,-113.0
8.4106,0.0,20.8962,21.635,-113.0
0.5991,0.2763,0.5096,20.895,-114.0
5.4808,0.1038,9.6885,20.66,-113.0
0.5358,0.2031,0.1416,22.12,-113.0
5.933,0.001,10.047,20.785,-113.0
1.4182,0.003,1.8679,20.61,-113.4194
6.477,0.0,11.0661,20.9,-114.0
9.6439,0.0417,17.6414,21.695,-114.0
5.6707,0.312,9.8019,18.94,-114.0
0.747,0.0912,0.783,20.835,-114.0
8.2088,0.0115,14.7169,21.84,-114.0
3.7746,0.3834,6.5189,21.245,-114.0
9.2106,0.061,16.8679,20.39,-114.0
7.299,0.0,14.2075,21.18,-114.0
6.2893,0.0,9.8395,21.57,-114.0
5.8976,1.8731,10.4999,22.28,-114.0
7.5698,0.0112,16.0566,20.895,-114.0
5.4154,0.0,9.2359,21.85,-114.0
4.4027,0.0,7.4716,22.025,-114.0
3.1272,0.0,4.4245,19.285,-114.0
5.8518,0.0,13.1791,21.14,-114.0
1.3399,0.0,3.7547,21.17,-114.0
2.54,0.0,6.5188,21.375,-114.0
3.5335,0.0,10.2924,21.38,-114.0
8.2895,0.0,20.6886,20.67,-114.0
5.7893,0.0,12.0188,21.95,-114.0
2.8152,0.0,4.1037,20.73,-114.0
1.9982,0.0,8.9245,21.93,-114.0
5.8934,0.0,11.7924,20.485,-114.0
3.0746,0.0,2.4152,21.73,-114.0
5.823,0.0,12.2169,20.72,-114.0
2.2094,0.0,4.8396,23.1,-114.0
6.644,0.0064,10.4435,21.265,-114.0
4.2748,0.0,8.4905,19.93,-114.0
7.38,0.0,15.0282,19.625,-114.0
7.0687,0.0803,12.2925,19.985,-114.0
7.5798,0.001,15.0093,21.505,-114.0
8.895,0.0,17.7547,21.385,-114.0
3.2634,0.0,7.7453,22.175,-114.0
3.1009,0.0,5.283,21.155,-114.0
4.1911,1.4303,8.2641,21.81,-114.0
4.3065,0.0097,8.3963,20.21,-114.0
3.4721,0.0,11.3113,21.41,-114.0
7.2642,0.0,15.3868,20.705,-114.0
5.1265,0.0,8.481,19.465,-114.0
4.2053,0.0,6.7641,20.88,-114.0
6.3008,0.0,18.5282,21.305,-114.0
4.426,0.0,14.1037,21.195,-114.0
4.9858,0.0,11.4623,21.745,-114.0
6.3786,0.0,21.9339,20.095,-114.0
7.2786,0.0,15.1414,21.5,-114.0
8.5178,0.0,19.4809,20.58,-114.0
3.8757,1.2867,6.3679,20.785,-114.0
6.7039,0.0087,16.9339,21.28,-114.0
6.0894,0.0,18.3773,20.71,-114.0
6.4688,0.0,19.3772,21.24,-114.0
5.8078,0.0,14.1414,20.37,-114.0
6.3866,0.0,11.9809,21.1,-114.0
7.0212,0.0,19.9717,20.515,-114.0
9.3819,0.0,15.3206,18.555,-114.0
5.8003,0.0,12.1413,20.13,-113.0
4.3526,0.0,8.3018,20.37,-113.0
5.1998,0.0,9.9338,20.575,-113.0
11.0134,1.2444,26.0186,21.55,-113.0
2.4784,0.0846,6.1698,21.94,-113.0
6.3978,0.001,17.5282,19.925,-113.0
14.7165,0.0,33.8582,19.76,-113.0
4.6683,0.0,9.9905,19.305,-113.0
5.8074,0.0,16.868,19.975,-113.0
12.203,0.4158,28.5657,21.97,-113.0
5.5115,0.003,9.9151,20.95,-113.0
5.7166,0.0,9.6792,21.57,-113.0
13.6205,0.0,34.1694,20.1,-113.0
6.9174,0.0,13.1981,22.695,-114.0
1.9557,0.0,3.6321,21.105,-113.0
0.2266,0.1287,0.0472,20.175,-113.0
6.4345,0.024,14.3773,20.15,-113.0
4.1413,0.0,13.0096,19.53,-113.0
4.7024,0.0,10.3586,23.005,-113.0
7.1715,0.0,13.2076,21.42,-113.0
2.2867,0.0,4.0378,20.84,-113.0
5.0574,0.8988,13.7548,20.97,-113.0
2.8538,0.0475,4.7924,21.165,-113.0
3.5557,0.0338,6.0379,21.48,-115.0
7.0462,73.586,12.2358,21.225,-114.0
8.9479,93.0175,16.0,20.895,-114.0
10.0138,0.8397,17.6321,19.82,-113.0
11.3896,0.0055,20.2829,19.24,-113.0
6.8369,1.6653,16.2923,19.915,-114.0
5.887,0.0109,10.5566,18.22,-113.0
11.303,0.0,26.481,20.43,-113.0
7.5268,0.0,14.5377,20.77,-113.0
6.3939,0.0,14.0848,19.535,-113.0
2.3893,0.0,4.5094,18.86,-114.0
5.6221,0.0,13.3207,21.275,-113.0
2.1188,0.0,4.7075,21.21,-113.0
1.3975,0.0573,5.1132,21.405,-113.0
8.8649,0.0,20.1508,20.605,-113.0
5.922,0.0,6.9717,20.525,-113.0
5.8231,0.0,11.8584,20.45,-113.0
8.0338,0.0203,16.1791,21.415,-113.0
7.1446,0.0,13.7075,19.39,-113.0
7.9049,0.0,17.1131,21.175,-113.0
8.8039,0.0,15.0565,20.48,-113.0
7.1082,0.0854,13.3772,21.095,-112.0
6.7561,0.1061,15.6512,20.225,-112.0
3.6423,0.0092,5.1226,20.3,-113.0
5.4816,0.0,10.5565,20.0,-112.0
4.8689,0.0,11.6698,21.165,-113.0
4.5498,0.0023,7.915,21.36,-112.0
8.5502,0.0,16.1793,21.455,-113.0
12.2084,0.0543,29.7829,20.6,-113.0
6.3946,0.0,12.3868,20.935,-113.0
5.8674,0.011,11.5566,19.9,-113.0
5.0112,0.0,11.5,22.375,-114.0
8.6338,0.0,15.8398,21.545,-115.0
6.2143,0.0,14.5565,20.38,-115.0
5.4042,0.0,9.7264,20.505,-114.0
4.1776,0.0,7.4434,19.57,-113.0
5.03,0.0727,8.6603,20.785,-113.0
6.2774,0.0,12.8205,21.335,-114.0
6.7854,0.0,14.9149,21.64,-113.0
6.1837,0.0,11.8774,23.445,-113.0
13.3885,0.0,33.5375,19.215,-113.0
2.3183,0.0,1.1982,20.365,-113.0
5.5706,0.0215,12.0567,18.28,-115.0
3.9658,0.4019,4.0471,19.89,-115.0
3.5318,0.001,8.3395,21.24,-113.0
5.6355,0.3561,14.151,18.885,-113.0
8.019,0.0024,13.9717,18.775,-113.0
8.7446,0.0,17.3206,20.73,-113.0
7.4018,0.0,16.8772,20.8,-113.0
6.7602,0.0,16.6982,20.17,-113.0
2.7085,0.7481,4.8302,19.49,-113.0
6.4151,0.1734,13.6604,19.33,-113.0
5.6253,0.0041,13.9622,19.65,-113.0
4.7643,0.0,12.7076,20.46,-113.0
5.9293,0.0,13.0188,19.495,-113.0
17.5133,0.0,27.1132,19.9,-113.0
7.463,0.0,13.1698,20.33,-113.0
3.5329,0.0,8.2829,18.4,-113.0
6.4248,0.12,15.6131,20.63,-114.0
2.4575,0.001,6.566,18.38,-114.0
4.0424,0.0,7.4434,20.39,-114.0
4.8883,0.0,13.0754,22.635,-114.0
3.0853,0.0,4.1699,20.915,-113.0
5.6815,0.0,11.4811,19.02,-113.0
3.9886,0.0,5.1888,21.1,-113.0
6.3958,0.0,11.0659,20.265,-114.0
12.685,0.0,22.8962,20.51,-114.0
6.3209,0.0,9.9151,22.16,-114.0
17.8043,0.0,41.6506,20.285,-114.0
6.3584,0.0,14.113,22.77,-113.0
9.3409,0.0,22.7829,19.34,-114.0
8.4473,0.0,13.4528,21.3,-113.0
6.437,0.0,15.4715,20.085,-114.0
5.4348,0.3512,14.0756,20.215,-114.0
2.6945,0.002,7.2735,19.59,-114.0
7.6106,0.0,16.6319,21.905,-114.0
6.1,0.0,12.7829,20.44,-113.0
3.3752,0.0,5.6227,19.075,-113.0
6.9824,0.0,15.783,20.475,-113.59
8.2494,0.0,16.5281,20.215,-113.0
3.0263,0.0,5.4622,20.515,-113.0
9.2371,0.0,18.4056,21.47,-113.0
8.0105,0.0371,12.2829,20.29,-113.0
8.7726,0.004,17.7921,20.945,-113.0
9.6873,0.0035,18.2829,18.545,-113.0
21.6606,0.0,46.6787,18.46,-113.0
9.7388,0.0,21.066,21.46,-113.0
7.7818,0.165,15.4527,19.805,-113.0
7.1769,0.1875,13.1415,21.145,-113.0
6.7478,0.003,10.8583,20.075,-113.0
3.5119,0.0,5.7547,18.39,-113.0
6.0328,0.0,12.717,20.455,-113.0
0.3588,0.0,0.1793,21.425,-114.0
9.848,0.0109,20.8866,18.78,-113.0
6.1095,0.0,20.1978,20.19,-113.0
11.5171,0.0,23.6603,21.035,-114.0
21.7374,0.0,51.2544,20.835,-113.0
9.2222,0.0502,18.0942,21.82,-113.0
3.1001,0.0,6.1038,20.14,-113.0
6.8859,0.0,14.1696,23.63,-113.0
11.8955,0.0,26.1319,19.01,-113.0
11.6024,0.0919,26.3298,20.93,-114.0
12.1873,0.001,26.9244,20.87,-114.0
7.002,0.0,16.2545,19.66,-114.0
3.4632,0.0,7.349,19.715,-114.0
5.756,0.0,11.2546,20.86,-114.0
6.8464,0.3295,14.6132,20.55,-114.0
19.1169,0.0407,33.8959,22.225,-114.0
5.6246,0.0272,14.4529,20.9,-114.0
25.6682,0.0697,55.3204,19.77,-114.0
2.281,0.7387,5.0,21.99,-115.0
0.0902,0.0301,0.1698,18.945,-114.0
2.2099,0.0205,5.0472,21.775,-114.0
0.1605,0.0825,0.1981,17.645,-115.0
0.081,0.0526,0.1321,20.11,-115.0
0.0167,0.017,0.0,18.26,-114.0
0.0167,0.0,0.0,19.66,-114.0
36.5494,0.0,63.5094,20.015,-115.0
0.2634,0.0,0.5095,19.8,-114.0
0.0913,0.0732,0.1509,20.865,-114.0
36.3009,0.0029,63.5094,21.79,-114.0
0.0551,0.6531,0.0,19.5,-114.8172
0.1681,0.0287,1.2359,19.185,-115.0
0.0204,0.002,0.0,20.0,-115.0
0.0167,0.013,0.0,19.32,-115.0
36.0008,0.0,61.0188,20.905,-115.0
0.057,0.0,0.0472,19.815,-114.0
35.0873,0.038,58.7641,20.36,-114.0
13.7647,0.714,24.3114,18.775,-115.0
0.033,0.024,0.0,17.945,-114.0
0.4418,0.0,0.5284,18.5,-115.0
0.0167,0.08,0.0,18.55,-114.0
3.6379,0.0278,6.0472,22.075,-115.0
0.0178,0.001,0.0472,19.335,-114.0
0.0167,0.114,0.0,21.0,-114.0
0.0167,1.653,0.0,20.5,-114.0
6.7038,0.0259,12.5378,18.23,-113.0
5.5541,0.0,9.9151,20.205,-113.0
8.9388,0.0,17.3301,23.05,-113.0
1.8192,0.0,4.4435,20.205,-113.0
10.3546,0.0,30.9905,19.245,-113.0
8.1953,0.0,23.0095,21.085,-113.0
8.6458,0.0,18.349,21.31,-113.0
2.4047,0.9363,3.0661,18.605,-113.0
6.3516,0.006,8.7547,21.815,-113.0
4.9382,0.0,11.8113,19.225,-113.0
10.3362,0.0,19.4339,18.75,-113.0
4.4202,0.0,9.1792,21.525,-113.0
3.4886,0.1181,8.9151,19.615,-113.0
5.5321,0.001,10.0188,19.02,-113.0
1.6982,0.0,4.8019,20.15,-113.0
5.3298,0.0,9.1792,20.3,-113.0
9.5782,0.0,26.594,21.935,-112.53
4.9151,0.0,11.651,20.83,-113.0
5.6803,0.0,11.7264,20.07,-113.0
9.1079,0.0,14.8867,18.39,-113.0
7.4278,0.1458,14.4622,20.2,-113.0
7.3441,0.0592,16.8302,21.52,-113.0
10.3765,0.0,25.2077,20.855,-113.0
0.8428,3.3514,1.67,21.645,-113.7634
7.1273,0.079,15.6886,19.825,-113.0
2.3278,0.0,5.1038,18.745,-113.0
6.4105,0.0,11.0094,18.725,-113.0
9.6234,0.0,24.7543,20.59,-113.0
5.3953,0.0,9.8868,20.48,-113.0
2.1294,0.0,5.0188,19.73,-113.0
3.9189,0.2105,7.6321,20.655,-113.0
9.501,0.0015,19.217,20.155,-113.0
5.3827,0.0,14.3302,21.965,-113.0
14.9199,0.0193,34.1412,20.35,-113.0
6.0334,0.0,14.434,19.95,-113.0
17.6474,0.0,34.3679,21.035,-113.0
4.4054,0.005,10.4434,18.82,-113.0
5.756,0.0,12.3961,21.475,-113.0
13.5582,0.0,30.066,21.58,-113.0
10.5101,0.0764,24.2924,18.935,-114.0
9.9952,0.0,22.0849,18.83,-113.0
0.0221,0.81,0.0,20.14,-114.0
0.0719,0.514,0.0944,20.255,-113.0
0.7119,18.3673,1.7075,15.2,-107.0
0.0159,10.2541,0.0,22.67,-109.0
33.0588,27.866,60.5094,19.21,-108.0
6.723,10.5935,14.651,25.89,-114.0
4.9656,0.6258,10.4246,20.815,-110.4839
1.0559,2.477,3.9057,21.415,-109.0
1.6184,0.2666,3.019,21.21,-113.0
6.2241,0.0596,11.3868,22.3,-110.0
6.1159,0.0,14.3585,21.455,-110.0
5.5787,0.0,10.5188,21.665,-110.0
9.4311,0.0,20.0564,21.165,-110.0
6.0478,0.0,10.6038,22.415,-110.0
8.3075,0.0,16.8771,20.23,-110.0
9.1686,0.0,17.6038,21.8,-110.0
7.2998,0.0,18.849,22.57,-110.0
6.4735,0.0,14.3679,22.08,-110.0
8.3517,0.0,16.4245,21.75,-110.0
6.0905,0.0,11.4056,20.82,-110.0
9.5596,0.0,16.4624,20.055,-110.0
8.8836,0.005,16.5376,21.825,-110.0
9.3722,0.0,22.4904,20.265,-110.0
12.4531,0.0,25.6131,20.67,-110.0
0.0768,0.0,0.0472,21.93,-110.0
4.4034,0.0,8.434,19.63,-110.0
25.9391,0.0,45.4996,19.64,-110.0
6.0675,0.1564,12.6132,21.59,-110.0
14.1795,0.001,32.3391,19.97,-110.0
3.9295,0.0,11.2075,20.82,-110.0
10.2616,0.0,20.2548,19.175,-110.0
6.0835,0.0,12.8396,21.25,-110.0
30.2852,0.0,53.5658,20.32,-110.0
7.4993,0.0,13.5094,20.69,-110.0
9.3226,0.0,14.2735,19.47,-110.0
3.9794,0.0,7.4623,20.565,-110.0
18.4847,0.0,30.915,20.015,-110.0
5.9122,0.0,11.8585,21.685,-110.0
16.1544,0.0,37.8015,20.13,-110.0
4.5093,0.0253,8.3583,22.23,-110.0
18.8949,0.0,40.3391,20.14,-110.0
2.7252,0.0,6.7075,20.15,-110.0
14.695,0.0,38.2355,22.42,-110.0
2.8133,0.0,6.5849,21.705,-110.5269
18.3643,0.0,39.8489,22.715,-111.0
8.9916,0.0,16.264,20.62,-110.67
20.4651,0.0,42.9335,20.695,-111.0
6.4638,0.0,15.2076,23.315,-110.0
4.9942,0.0,13.132,20.69,-110.0
8.4919,0.0,18.1038,20.615,-110.0
6.2653,0.0,13.2264,19.965,-110.0
20.6386,0.0,41.2072,21.565,-110.0
22.2679,0.0701,40.9618,20.33,-110.0
8.6535,1.3232,14.8585,18.815,-110.0
15.6886,0.009,26.2357,18.895,-110.0
5.9969,0.0,12.7357,21.25,-110.0
8.2223,0.0,17.4812,19.66,-110.0
9.3485,0.0,16.3585,22.17,-110.0
15.443,0.0,27.8393,19.325,-110.0
7.4818,0.0,13.9811,22.39,-110.0
18.2291,0.0071,31.2735,20.865,-110.0
5.8357,0.114,9.9339,21.645,-110.0
14.1398,0.001,25.5091,20.27,-110.0
10.8367,0.0,23.8018,20.555,-110.0
15.6129,0.0,28.9811,19.195,-110.0
13.4562,0.0,24.1037,19.55,-110.0
19.8218,0.0,38.2169,18.845,-110.0
7.8946,0.0,12.8962,21.385,-110.0
11.9374,0.0,23.8207,20.825,-110.0
8.2369,0.0,19.7639,20.78,-110.0
27.2897,0.0,43.4338,20.43,-110.0
11.8944,0.0,23.4055,21.155,-110.0
20.8126,0.0,39.4713,20.22,-110.0
16.9138,0.0,39.3015,19.7,-110.0
6.1282,0.0,9.0567,19.48,-110.0
18.1819,0.0,41.8487,19.32,-110.0
17.3294,0.0,38.6506,19.815,-110.0
22.3641,0.0186,43.028,21.86,-110.0
6.5746,0.0,14.6792,20.195,-110.0
6.445,0.0,13.7735,20.89,-110.0
6.3618,0.0,14.0661,20.94,-110.0
8.8435,0.0652,15.4246,19.705,-110.0
6.4082,0.0,10.8397,19.51,-110.0
9.0827,0.4445,17.5189,21.28,-110.0
7.3086,0.003,12.9906,20.41,-110.0
5.1958,0.0,12.8678,20.37,-110.0
7.6696,0.0,12.9622,22.135,-110.0
7.1427,0.0,12.4151,20.08,-110.0
6.9383,0.0,20.3113,20.545,-110.0
7.0981,0.0,15.8585,21.14,-110.0
7.8099,0.0,18.4432,19.94,-110.0
0.5073,0.0,0.0472,21.535,-110.0
6.9412,0.1268,14.113,20.76,-110.0
3.6966,0.001,5.7642,21.23,-110.0
7.6059,0.386,13.5094,21.99,-110.0
11.7996,0.0073,23.0658,20.695,-110.0
5.6437,0.0,13.1604,21.42,-110.0
4.0232,0.0,5.9529,19.735,-110.0
4.881,0.0,7.783,22.19,-110.0
16.972,0.075,32.1038,21.185,-110.0
7.971,0.001,16.2924,21.625,-110.0
14.0863,0.0,23.1039,21.075,-110.0
8.06,0.0,16.8491,20.035,-110.0
6.5654,0.0,7.4152,20.115,-110.0
8.4482,0.0,19.7357,22.33,-110.0
12.0824,0.0,23.3865,18.215,-110.0
12.0984,0.223,25.2829,21.505,-111.87
7.4193,0.001,13.5847,20.35,-110.0
7.2608,0.0,13.3963,21.535,-110.0
4.3134,0.0,11.3207,19.63,-110.0
18.5219,0.0,31.1695,21.21,-110.0
12.0851,0.0,28.3962,19.45,-110.0
9.3585,0.0,24.5753,21.58,-110.0
13.729,0.0,24.7452,19.42,-110.0
11.5807,43.5979,25.3398,20.71,-110.0
8.9596,0.1902,18.2737,20.765,-110.0
10.2725,0.0234,23.9999,19.495,-110.0
3.8978,0.0,6.6225,21.135,-110.0
10.1765,0.0,22.6037,21.22,-110.0
8.5379,1.5082,14.1038,20.35,-110.0
9.0401,0.0137,21.8773,20.435,-110.0
14.4094,0.0,30.3206,19.77,-110.0
7.9059,0.0,10.717,20.095,-110.0
6.1424,0.0,14.283,20.785,-110.0
11.2406,0.0143,22.4809,19.865,-110.0
9.7614,0.0,23.896,18.545,-110.0
11.5849,0.0,20.2924,20.69,-110.0
12.5605,0.0,23.6131,21.23,-110.0
9.1489,0.0,16.9056,20.575,-110.0
8.0751,0.0,19.019,19.59,-110.0
10.3622,0.0,24.7733,22.565,-110.0
10.7458,2.4373,20.2547,20.01,-110.0
9.6946,0.0149,17.9057,19.57,-110.0
5.3134,0.0,11.4528,20.345,-110.0
0.0677,0.0,0.0472,19.995,-110.0
8.8649,0.0,15.6413,21.465,-110.0
0.0269,0.0,0.0,20.195,-110.0
6.747,0.0,11.7452,20.11,-110.0
0.117,0.0162,0.0472,21.945,-110.0
6.9426,0.0,9.8491,20.88,-110.0
6.3662,0.0,12.4717,20.4,-110.0
3.014,0.0577,6.5754,20.42,-110.0
13.744,0.0,22.6131,21.92,-110.0
9.6989,0.1086,14.8114,21.21,-110.0
10.2684,0.001,17.717,21.655,-110.0
6.9203,0.0,18.6508,21.035,-110.0
1.3498,0.0,3.1604,21.095,-110.0
3.317,0.0,7.3113,20.415,-110.0
1.1446,0.1996,3.5849,20.945,-110.0
7.6246,0.001,19.764,22.025,-110.0
7.142,0.0211,9.0377,21.405,-110.0
11.3576,0.0613,24.6321,19.91,-110.0
7.9797,0.0241,15.0942,19.675,-110.0
3.3374,0.004,6.7075,21.125,-110.0
20.2446,0.0,37.4525,19.005,-110.0
8.6912,0.0,21.2263,21.15,-110.0
8.7969,0.0,17.783,21.605,-110.0
5.0476,0.0,10.3584,20.27,-110.0
12.8858,0.0,23.5565,20.795,-110.0
7.491,0.0,17.4811,21.07,-110.0
14.3894,0.0,25.6978,20.49,-110.0
6.6026,0.0,12.1698,20.875,-110.0
11.8394,0.0,23.4243,20.355,-110.0
12.3167,0.004,25.0,21.585,-110.0
15.1163,0.0,25.8961,21.395,-110.0
9.6394,0.0,23.0754,20.235,-110.0
15.9922,0.0,32.2357,19.95,-110.0
9.1196,0.0,17.7074,20.075,-110.0
13.8207,0.0,28.0376,21.54,-110.0
9.5415,0.022,22.2639,19.705,-110.0
12.1846,0.0155,24.717,20.69,-110.0
22.8254,0.0,38.6132,20.775,-110.0
11.6277,1.5661,26.0849,20.33,-108.0
11.877,0.0095,24.698,20.195,-110.0
6.3277,0.0,13.0754,20.55,-110.0
8.1045,0.0506,19.5565,19.035,-110.0
23.7112,0.0,56.688,21.045,-110.0
4.707,0.0,9.5377,21.015,-110.0
15.4854,0.0831,27.6038,20.715,-110.0
11.9728,0.001,26.4152,20.37,-110.0
9.2411,0.0,16.6226,20.545,-110.0
6.8551,0.182,12.8018,20.45,-110.0
7.6834,0.001,13.9623,21.125,-110.0
7.4318,97.7668,14.3491,20.46,-110.0
7.2308,100.0,14.6604,20.575,-110.0
5.8187,1.9907,12.717,19.735,-110.0
9.8346,0.0122,19.2545,22.79,-111.0
10.1202,8.8914,18.9056,23.65,-106.0
11.0067,0.6179,20.1225,19.995,-113.0
8.1209,0.004,17.5376,20.95,-114.0
0.5357,0.7922,2.0472,21.42,-113.0
7.2335,0.0053,17.1035,20.63,-113.0
5.0154,0.0,8.368,21.5,-113.0
7.3869,0.0,16.5567,21.09,-113.0
8.2873,99.0426,16.0,21.2,-114.0
8.0966,100.0,14.0,20.105,-114.0
8.6358,100.0,18.0,21.28,-113.0
4.2636,99.829,8.7264,20.415,-113.0
0.1258,99.188,0.0472,17.37,-113.0
8.4074,5.8593,22.7265,20.9,-113.0
19.1421,0.0393,41.5374,20.315,-113.0
8.4772,0.1658,16.1131,20.49,-113.0
19.6442,0.3026,45.7733,21.18,-113.0
8.7474,0.0385,17.7358,19.92,-113.0
0.0361,0.0,0.0472,20.925,-113.0
8.1267,0.0,14.8396,21.015,-113.0
9.7956,0.0,17.9056,21.1,-113.0
8.6335,0.4063,15.9338,20.785,-113.0
19.2207,0.002,45.1032,20.64,-113.0
10.5194,0.0,23.5941,22.05,-113.0
5.6381,0.0,11.7736,20.975,-113.0
10.546,0.0,24.2545,21.74,-113.0
19.5306,0.0,42.688,21.035,-113.0
10.6438,0.0,28.8962,22.525,-113.0
5.8343,0.0,13.2641,20.5,-113.0
1.0626,0.0,1.6321,20.295,-113.0
8.3541,0.0,19.6978,20.685,-113.0
9.3974,0.0385,19.3489,20.505,-114.0
11.7902,0.0,22.8772,21.01,-114.0
5.6662,0.0,12.1225,20.395,-113.0
7.7209,0.0,16.3583,21.335,-114.0
7.7324,0.0,11.7641,21.385,-114.0
7.7541,0.0,18.9905,21.74,-114.0
9.0941,0.0,19.0942,21.095,-114.0
6.8329,0.0,6.7925,21.125,-114.0
8.1841,0.0,19.1791,21.0,-114.0
7.7683,0.0,21.764,22.055,-114.0
10.3003,0.0,16.9432,21.16,-114.0
8.1191,0.0,13.481,22.005,-114.0
10.478,0.0,24.8962,20.955,-114.0
7.2503,0.0,17.0187,23.085,-114.0
12.5774,0.0,27.1601,21.865,-114.0
4.6757,0.0,9.7642,21.645,-114.0
8.6933,0.0,16.132,21.235,-114.0
7.9666,99.2033,16.0,20.74,-114.0
1.5917,100.0,3.8868,19.35,-114.0
8.9208,100.0,18.0,21.42,-114.0
9.0468,100.0,15.0,20.685,-114.0
7.8194,100.0,15.0,21.24,-114.0
8.2826,100.0,16.0,19.97,-114.0
3.6741,100.0,12.4811,21.37,-114.0
4.0352,99.9118,9.4528,17.5,-114.0
4.8211,98.1277,10.3113,21.62,-113.0
7.8124,99.2253,15.0,21.225,-113.0
8.2575,97.7678,15.0,20.515,-113.0
6.2822,98.9577,15.7076,21.79,-113.0
5.3659,1.3363,13.2546,21.725,-113.0
2.1822,0.009,1.9718,21.495,-113.0
8.2532,0.0,17.1886,21.585,-113.0
4.9603,0.0,11.0943,21.55,-113.0
8.2938,0.5429,17.8583,21.62,-113.0
6.6734,0.0039,9.8397,21.21,-114.0
9.0908,0.0,21.5188,20.55,-113.0
6.607,0.049,15.1603,20.65,-113.0
2.4387,99.0259,3.151,19.92,-113.0
6.4362,99.9432,13.9151,21.345,-114.0
2.8251,98.5967,6.7735,21.765,-114.0
2.3086,98.898,3.8491,23.57,-114.0
4.148,99.6023,8.2831,20.725,-114.0
2.5758,100.0,7.9245,22.46,-114.0
4.5486,99.4272,9.2453,20.705,-114.0
5.2093,12.7691,14.2359,22.32,-114.0
10.9698,1.9783,26.849,20.88,-114.0
8.027,95.4508,17.0,21.01,-114.0
7.7082,100.0,17.0,22.495,-114.0
8.7858,99.847,18.0,19.57,-114.0
3.3884,98.4127,8.434,20.89,-114.0
7.4707,99.5938,14.0378,22.615,-114.0
5.3714,99.0204,13.9906,20.45,-114.0
1.4495,98.7046,2.9718,21.525,-114.0
4.9651,99.0305,7.2076,21.09,-114.0
4.5914,99.994,9.349,20.96,-114.0
3.8129,100.0,5.8963,22.755,-114.0
6.235,8.5698,17.9435,21.28,-114.0
5.4937,0.0592,13.6414,21.15,-114.0
8.6554,0.0,18.1224,21.83,-114.0
6.6186,0.1149,13.3962,20.77,-114.0
21.0872,0.001,44.7259,20.44,-114.0
8.9124,0.0206,17.8772,20.46,-114.0
7.5056,0.0,14.8207,20.525,-114.0
9.2607,0.0,14.8962,21.065,-114.0
10.1356,0.0,20.5095,21.23,-114.0
9.9238,2.5648,22.0093,22.215,-114.0
8.6381,0.016,16.4337,21.14,-114.0
11.0011,0.0,25.2641,21.435,-114.0
8.5693,0.0494,16.4812,22.495,-114.0
21.7207,0.0,47.8203,20.575,-114.0
3.7866,0.0,7.3962,21.0,-114.0
7.1064,0.0,14.7829,21.48,-114.0
3.2381,0.404,6.8396,21.085,-114.0
2.5701,0.003,4.6603,20.675,-114.0
18.322,0.0,38.047,21.6,-114.0
2.8532,1.8141,8.4151,20.97,-114.0
8.8897,0.0123,19.8865,21.8,-114.0
7.2354,0.0,13.0283,21.21,-114.0
7.2352,0.5791,15.547,20.95,-114.0
5.2442,0.004,10.7169,21.92,-114.0
12.1997,0.0,23.8301,21.23,-114.0
8.2439,0.0931,16.915,20.94,-114.0
15.6052,0.019,30.7923,21.045,-114.0
8.1149,0.0,15.5847,21.53,-114.0
18.8762,0.0,41.8487,20.715,-114.0
10.2189,0.0,22.0751,22.055,-114.0
2.6072,0.0,5.4245,20.74,-114.0
12.3544,0.0,26.2923,20.155,-114.0
14.6096,0.0,28.2734,20.5,-114.0
3.2385,0.0,6.2924,21.43,-114.0
20.8097,0.0,48.7262,22.355,-114.0
3.2374,0.0,5.1604,20.995,-114.0
2.9857,0.0,5.7453,21.225,-114.0
7.2059,0.032,16.9055,21.215,-114.0
5.9979,0.0,15.7168,21.18,-114.0
8.6908,0.0,23.283,21.505,-114.0
16.5564,0.1646,33.4903,21.1,-114.0
9.2736,0.001,20.8582,21.155,-114.0
9.553,0.0,23.4716,20.815,-114.0
7.7046,0.0,15.3865,22.14,-114.0
10.533,0.0,20.3396,20.645,-114.0
9.9538,0.0,17.9433,21.715,-114.0
6.2698,0.1335,11.1416,21.74,-114.0
6.8058,0.001,21.4621,21.665,-114.0
7.9378,0.0,15.1509,20.15,-114.0
9.4334,0.0,21.9999,20.945,-114.0
8.064,0.0,20.9149,21.695,-114.0
15.1406,0.1996,29.6792,20.3,-114.0
9.747,0.001,21.6791,21.13,-114.0
8.6262,0.0196,14.2076,21.31,-114.0
7.0378,0.0,11.4528,21.08,-114.0
10.0107,0.0,15.9811,21.26,-114.0
8.0571,0.0,17.0471,23.64,-114.0
8.0544,100.0,17.0,18.03,-114.0
4.8845,100.0,10.5755,20.375,-114.0
2.9214,100.0,6.1887,27.375,-114.0
2.3274,99.8123,5.1605,23.75,-114.0
8.5939,19.2169,19.3962,19.53,-114.0
11.08,0.1243,21.0473,20.575,-114.0
8.0469,0.001,20.7074,20.0,-114.0
6.8053,0.0,12.3774,22.12,-114.0
8.4947,0.1067,21.0754,20.745,-114.0
4.3772,0.012,3.2264,21.315,-114.0
7.1416,0.0,15.9623,21.085,-114.0
5.8033,0.0425,10.4622,23.37,-114.0
9.8506,0.0,18.4432,21.26,-114.0
6.3948,0.0,15.5942,21.4,-114.0
10.8322,0.0,21.5849,20.935,-114.0
10.0576,0.0189,20.6131,20.845,-114.0
5.3303,0.0,9.9434,20.44,-114.0
8.703,0.0267,16.9245,21.44,-114.0
7.4591,0.0,14.8206,18.955,-114.0
7.3544,0.0,9.566,21.565,-114.0
6.4822,0.1328,16.0,20.48,-114.0
16.8092,0.001,32.5942,21.305,-114.0
6.4826,0.0,22.4621,22.025,-114.0
10.2186,0.0,20.6225,21.305,-114.0
10.4921,0.0,24.7922,20.41,-114.0
6.0382,0.0082,11.349,21.93,-114.0
7.7129,0.3195,13.3491,20.7,-114.0
12.3943,0.002,24.3773,21.0,-113.0
8.4142,1.9207,15.0188,20.765,-113.0
7.0407,1.1622,15.8772,21.62,-113.0
5.1355,0.0071,10.3867,22.095,-113.0
10.9375,0.0523,24.1129,20.835,-113.0
11.5104,0.263,19.6792,21.15,-113.0
8.1325,0.002,14.6415,21.345,-113.0
13.0464,0.0,22.9811,21.485,-113.0
11.2891,0.8066,18.9718,21.73,-114.0
9.3204,0.005,19.217,20.45,-113.0
2.1523,0.99,5.1792,18.745,-114.0
0.421,4.0837,0.1509,19.925,-106.0
0.0334,22.015,0.0,23.98,-107.0
5.9378,10.2141,10.8303,20.825,-103.46
2.9412,2.009,4.3491,22.585,-105.0
2.526,14.6247,4.3586,16.2,-106.0
21.9022,3.6111,38.0755,19.88,-111.0
2.8566,0.0427,5.5189,21.685,-112.0
0.0167,0.0,0.0,19.19,-111.0
7.0361,0.0,14.4433,20.725,-111.0
0.037,0.0,0.0472,22.88,-111.0
7.2358,0.0,15.0943,22.825,-111.0
1.4052,0.0,1.0284,20.845,-111.0
9.1383,0.0,20.5,21.39,-111.0
3.7568,0.0,7.6226,20.8,-111.0
4.7454,0.0,9.7453,22.77,-111.0
1.6758,0.0,5.9529,21.295,-111.0
0.724,0.0,0.9529,20.685,-111.0
4.9376,0.0,10.349,21.06,-111.0
2.7897,0.0,4.6981,21.56,-112.0
6.9862,0.0,14.4906,20.33,-112.0
10.842,0.0,27.5754,19.29,-112.0
7.8225,0.0,23.4527,21.83,-111.0
1.5751,0.0,2.4245,20.44,-110.0
6.9937,0.0116,11.2074,21.19,-113.0
1.0438,0.0,3.0283,21.4,-111.0
12.5345,0.0,26.1509,22.69,-112.0
3.9488,0.0,10.8585,20.93,-112.0
2.9513,0.0,7.8867,20.84,-112.0
2.5874,0.0,4.0849,19.655,-112.0
10.9527,0.0,19.7925,21.53,-112.0
2.3982,0.0,5.934,21.94,-112.0
5.767,0.0,10.8303,20.16,-112.0
4.8809,0.0,9.4623,19.135,-112.0
4.7357,0.0,8.5472,20.905,-112.0
2.3177,0.0,4.1982,21.525,-112.0
6.3174,0.0,10.8396,21.555,-112.0
3.3789,0.0,6.5755,22.145,-112.0
9.6092,0.0,20.2074,20.83,-112.0
4.8352,0.0,9.4057,20.55,-112.0
6.6421,0.0,12.6322,20.42,-112.0
31.2857,0.0,56.764,20.43,-112.0
5.77,0.0,12.0095,21.285,-112.0
31.6593,0.0,54.8207,18.985,-112.0
1.0994,0.0,2.2735,19.96,-112.0
12.8134,0.0,20.7736,19.82,-112.0
3.8134,0.0,6.7547,20.395,-112.0
20.0843,0.0,41.2731,19.5,-112.0
1.9094,0.0,4.9906,20.65,-112.0
1.6907,0.0,1.7736,20.305,-112.0
5.5857,0.0,10.4434,21.115,-112.0
0.3333,0.0,0.0944,21.575,-112.0
2.6352,0.0,5.4151,19.08,-112.0
0.5354,0.0,0.0944,20.345,-111.0
5.2912,0.357,11.5565,18.56,-112.0
3.3426,0.003,9.5756,21.155,-111.0
1.8529,0.0,3.434,18.88,-111.0
5.8091,0.0092,9.7829,21.43,-112.0
2.5566,0.0,6.3396,22.035,-112.0
2.6229,0.0,5.7076,20.89,-112.0
3.3561,0.0,7.6321,18.99,-112.0
4.6596,0.0,6.6886,20.93,-112.0
16.3027,0.0,27.8582,21.465,-112.0
11.8454,0.0,20.3113,20.465,-111.0
9.1597,0.0,18.1132,20.645,-112.0
4.3592,0.0,8.283,21.705,-112.0
4.4062,0.0,8.5283,21.755,-112.0
9.1783,0.0,18.0566,19.09,-111.0
12.4465,0.0,24.4244,19.6,-112.0
3.9407,0.0,3.2453,21.455,-112.0
4.7104,0.0,9.2925,20.96,-112.0
6.9721,0.0,13.415,21.56,-112.0
21.1304,0.0,36.8298,19.66,-112.0
7.0282,0.0,13.4717,20.26,-111.0
4.3242,0.0,8.9151,21.1,-112.0
9.1186,0.0,17.9811,22.4,-112.0
15.8319,0.0,27.132,19.465,-112.0
8.8582,0.0,16.349,20.4,-112.0
31.4676,0.0,54.4244,22.04,-112.0
9.3143,0.0,16.9245,21.93,-112.0
20.7616,0.0,37.2547,21.74,-112.0
9.2395,0.0,21.1509,21.335,-111.0
17.5711,0.0,31.6887,21.685,-112.0
5.9359,0.0,14.3773,20.43,-112.0
18.7069,0.0,41.5467,19.405,-111.0
7.915,0.0,19.2452,18.215,-112.0
3.708,0.0,8.1981,19.55,-112.0
7.0697,0.0,19.0187,21.025,-112.0
23.1056,0.0,46.1789,20.47,-112.0
7.342,0.0,12.5848,21.185,-112.0
0.0276,0.0,0.0,22.185,-112.0
3.8881,0.0,7.2736,19.335,-112.0
0.0636,0.0,0.0,21.895,-112.0
4.5146,0.0,9.3302,19.675,-112.0
4.4561,0.0,5.5,19.92,-112.0
8.4163,0.0,14.368,20.795,-112.0
7.3179,0.0,14.4906,20.465,-112.0
6.2552,0.0,13.0567,20.995,-112.0
4.8007,0.0486,8.5282,20.805,-112.0
3.9918,0.0,7.7264,22.96,-112.0
7.2374,0.0,13.1037,19.65,-112.0
7.1928,0.0,12.8962,18.71,-112.0
5.1638,0.0,10.1038,20.88,-112.0
4.1442,0.0,7.6981,20.705,-111.0
6.4634,0.0,11.7548,19.47,-111.85
7.6235,0.0,15.283,22.705,-112.0
9.209,0.0,17.3773,20.355,-112.0
3.817,0.0,7.4529,18.745,-112.0
3.0194,0.0,7.0377,19.915,-112.0
4.9927,0.0,9.6887,20.23,-112.0
7.2562,0.0,15.717,22.065,-112.0
4.0233,0.0,7.7926,20.475,-112.0
6.9557,0.0,12.934,19.9,-112.0
3.3504,0.0,4.2547,20.935,-112.0
11.9982,0.0,23.5566,21.225,-112.0
3.7805,0.0,8.0472,20.85,-112.0
9.5688,0.0,18.1038,23.36,-112.0
16.7528,0.0,32.4241,20.445,-112.0
8.9657,0.0,14.915,20.78,-112.0
29.0594,0.0,49.0,22.7,-112.0
6.9696,0.0038,12.4811,20.495,-112.0
8.5757,99.9137,17.0,23.78,-112.0
7.5159,100.0,17.0,18.295,-112.0
9.0469,100.0,16.0,23.115,-112.0
4.8041,7.3218,10.2359,18.45,-112.0
5.7092,0.0458,12.9057,21.125,-112.0
4.8646,0.0,6.9906,19.05,-112.0
3.9052,0.0,7.5944,20.65,-112.0
5.943,0.0,10.3964,20.28,-112.0
8.9402,0.0,18.5189,20.45,-112.0
11.3851,0.0,21.9057,21.875,-112.0
9.3346,0.0,17.1604,20.565,-112.0
4.1793,0.0,6.2925,20.085,-112.0
9.9158,0.0,17.7924,17.875,-112.0
2.1082,0.0,3.3868,18.58,-112.0
8.2118,0.0,16.4906,20.795,-112.0
8.366,1.4157,19.6131,21.72,-112.0
15.5125,0.0107,27.8297,20.865,-112.0
8.8326,0.0,22.198,21.1,-112.0
19.3165,0.0,31.8394,20.13,-112.0
5.9501,0.0,13.5471,20.835,-111.0
31.5575,0.0,57.7829,19.595,-112.0
6.9774,0.0,12.8962,22.57,-112.0
4.0294,0.0,9.4528,21.865,-111.0
3.6372,0.0,4.7547,21.045,-112.0
8.3579,100.0,19.0,20.3,-112.0
8.2748,100.0,15.0,21.23,-112.0
8.7395,99.2306,18.0,21.1,-112.0
8.5202,99.3945,16.0,19.99,-112.0
7.985,100.0,14.0,19.495,-112.0
8.7011,99.8974,16.0,20.16,-112.0
8.0619,100.0,16.0,22.185,-112.0
8.387,100.0,14.0,19.69,-112.0
9.4768,99.4027,17.0,20.49,-112.0
8.2302,100.0,15.0,20.0,-112.0
7.5966,99.641,16.0,20.365,-112.0
8.6554,99.0525,17.0,17.875,-112.0
6.7007,100.0,14.349,19.59,-112.0
7.6744,99.7518,15.2547,20.13,-112.0
7.2104,100.0,18.0566,20.39,-112.0
7.6975,100.0,16.0,18.91,-112.0
5.7593,100.0,10.934,19.275,-112.0
8.6566,99.757,16.0,19.69,-112.0
7.7916,99.5991,15.0,20.66,-112.0
3.2254,100.0,6.4434,20.555,-112.0
8.3544,99.8616,16.0,17.55,-112.0
8.3637,99.9626,14.8868,19.945,-112.0
3.1962,100.0,8.434,38.195,-112.0
0.039,97.4971,0.1416,20.42,-112.0
4.2458,100.0,8.5473,20.265,-112.0
5.4856,99.4013,12.934,39.385,-112.0
7.837,98.4889,15.0,20.3,-112.0
8.3286,99.6071,16.0,19.54,-112.0
7.8621,98.0805,14.0,21.02,-112.0
8.6163,100.0,17.0,19.775,-112.0
8.0951,100.0,14.0,19.0,-112.0
8.7406,100.0,17.0,18.49,-112.0
8.5079,100.0,20.0,19.115,-112.0
3.3109,100.0,9.6038,18.95,-112.0
7.877,100.0,13.5,18.075,-112.0
8.579,100.0,16.6604,15.08,-112.0
7.7769,98.4517,12.0,21.69,-112.0
1.8789,100.0,2.4435,19.1,-112.0
8.5512,99.4739,16.0,19.79,-112.0
0.891,100.0,2.0,18.5,-112.0
8.5997,99.5821,17.0,28.7,-112.0
0.0182,100.0,0.0,20.425,-111.89
7.664,98.766,17.4245,21.0,-112.0
0.822,2.5191,1.5096,20.99,-112.0
19.6499,0.0178,40.1603,20.735,-112.0
9.2444,0.0,20.8206,19.185,-112.0
7.0334,0.0,12.3113,19.215,-112.0
3.9958,0.0,8.6038,21.665,-112.0
8.9715,0.0,19.3491,21.46,-112.0
4.9866,0.0,10.9624,21.39,-112.0
2.4274,0.0,4.8679,21.6,-112.0
4.3307,0.0,7.9811,20.375,-112.0
9.1762,0.0,18.6697,21.145,-112.0
14.3753,0.0,24.4906,21.355,-112.0
6.9598,0.0,12.3206,21.355,-112.0
1.7896,0.0,2.783,20.565,-112.0
6.3952,0.0,12.6416,20.65,-112.0
1.6218,0.0,0.7548,21.83,-112.0
6.1038,0.0,10.4056,19.45,-112.0
0.8937,0.0,1.4623,22.08,-112.0
1.773,0.0,4.9057,18.905,-112.0
1.1696,0.0,1.8868,18.28,-112.0
9.2574,0.0,14.0472,21.06,-112.0
1.5246,0.0,3.8207,20.005,-112.0
9.7783,0.0,15.8301,20.705,-112.0
5.5226,0.0,12.1888,19.67,-112.0
3.6802,0.0,5.0755,19.8,-112.0
12.6029,0.0,24.5471,21.29,-112.0
3.0773,0.0,4.7171,18.705,-112.0
6.959,0.0,12.3019,19.965,-112.0
30.259,0.0,52.0471,20.11,-112.0
9.1466,0.0,12.6794,18.9,-112.0
19.7943,0.0,44.5371,21.34,-112.0
4.2664,0.0,7.0851,21.655,-112.0
2.403,0.0,5.3491,19.465,-112.0
4.9996,0.0,8.8962,22.205,-112.0
12.5125,0.0,23.2264,22.165,-112.0
0.5376,0.0,0.1415,21.45,-112.0
7.0518,0.0,14.2548,21.38,-112.0
3.7178,0.0,5.7925,20.555,-112.0
2.1921,0.007,3.6793,21.84,-112.0
8.3437,0.0,14.6321,20.96,-111.0
2.8516,0.0,5.1604,20.5,-112.0
8.0599,0.0,13.9905,21.885,-112.0
5.8942,0.0,10.8396,20.48,-111.0
4.541,0.0,11.632,20.525,-111.0
2.8645,0.0,4.3868,21.065,-111.0
4.0652,0.0,6.4812,19.025,-111.0
3.4759,0.0,7.1132,21.385,-111.0
0.9311,0.0,3.283,21.615,-111.0
1.4969,0.0,3.0094,22.265,-112.0
7.2884,0.0,12.7642,21.455,-111.0
4.2059,0.0,8.3491,21.65,-111.0
9.0933,0.0,17.0001,21.8,-111.0
4.2985,0.0,8.1604,21.48,-112.0
5.0558,0.0,9.1604,19.395,-112.0
29.7907,0.0,51.5094,19.54,-112.0
8.1614,0.0,11.9434,18.665,-112.0
3.4214,0.0,5.3302,20.86,-112.0
5.0322,0.0,8.085,20.87,-111.0
24.613,0.0,43.5186,18.9,-111.0
5.0202,0.0,10.6982,20.695,-112.0
4.4327,0.0,9.4527,20.105,-112.0
8.3539,0.0,17.8584,22.24,-112.0
2.8023,0.0,8.2548,21.125,-112.0
9.7958,5.2094,17.8395,22.105,-112.0
16.453,0.0422,30.6602,19.29,-112.0
6.5807,0.0,11.7075,19.2,-112.0
3.4319,0.0,7.7925,20.935,-112.0
2.932,0.0,6.2264,20.34,-112.0
1.0373,0.0,1.5473,21.55,-112.0
4.2744,0.0,7.1604,21.295,-112.0
2.8562,0.0,3.7736,21.865,-112.0
10.126,0.0,17.3206,19.075,-112.0
3.2516,0.0208,6.7547,21.2,-112.0
9.0542,0.0,17.981,22.49,-112.0
30.4685,0.0,52.6694,22.64,-112.0
5.0474,0.0,12.1132,22.035,-112.0
17.6189,0.0,35.1222,21.135,-112.0
9.2624,0.0,17.066,20.175,-112.0
11.4926,0.0,19.6133,21.805,-112.0
9.2762,0.0,18.8867,22.225,-112.0
15.7114,0.0,34.8394,22.19,-111.0
8.8206,0.0,17.1792,20.8,-112.0
4.9722,0.0,3.7265,16.39,-112.0
4.7246,0.0,9.066,22.77,-112.0
12.251,0.0,20.8679,20.21,-112.0
2.4901,0.0,4.9623,21.295,-112.0
0.2867,0.0,0.0944,20.895,-112.0
8.4847,0.0,16.4246,18.765,-112.0
0.0406,0.0,0.0,20.68,-112.0
7.4719,0.0,13.0,21.62,-112.0
2.1669,0.0,3.0944,21.92,-112.0
6.3689,0.0,13.2454,21.965,-112.0
21.903,0.0,35.9716,21.005,-112.0
3.568,0.0,5.2076,18.45,-111.0
5.8742,0.0,14.2642,20.425,-112.0
10.6978,0.0,23.3772,20.81,-112.0
5.7186,0.0,13.5378,19.65,-112.0
2.2747,0.0,4.0,20.785,-111.0
2.5186,0.0,3.7925,20.875,-111.0
3.0942,0.0,7.0849,20.9,-112.0
4.8643,0.0,8.6604,21.29,-112.0
2.7749,0.0,5.0755,21.975,-112.0
1.0525,0.0,1.8396,20.555,-112.0
9.3843,0.0,18.481,21.15,-112.0
4.2225,0.0,6.1886,20.935,-112.0
12.5994,0.5944,17.8772,21.83,-112.0
6.0136,0.4851,10.6791,18.62,-112.0
2.391,0.0039,6.0189,18.37,-112.0
9.1506,0.0,16.802,23.345,-112.0
3.9083,0.0,6.1132,19.23,-112.0
19.3359,0.0,33.5185,21.175,-112.0
9.8466,0.0,21.113,18.83,-112.0
16.0442,0.0,26.915,20.485,-112.0
5.8458,0.0,9.717,20.46,-112.0
4.6618,0.0,9.085,20.9,-112.0
1.4438,0.0,3.066,18.77,-112.0
6.9502,0.0,13.198,19.19,-112.0
1.8891,0.0,3.9812,21.76,-112.0
4.6528,0.0,7.4057,19.84,-112.0
8.1966,0.0,14.198,20.28,-112.0
6.9397,0.0,12.3679,21.84,-112.0
4.1401,0.0,6.0943,18.015,-111.0
8.015,0.0,13.7925,20.095,-112.0
2.8978,0.0,3.5849,21.55,-112.0
6.6862,0.0,13.8396,19.985,-112.0
3.645,0.0,7.1414,19.78,-112.0
2.3726,0.0,4.8019,18.995,-112.0
6.5166,0.0,12.9434,20.42,-112.0
5.3923,0.0,9.1415,21.54,-112.0
3.3966,0.0,6.0472,18.84,-112.0
3.9892,0.0,6.9623,21.46,-112.0
1.8514,3.193,2.8868,18.5,-112.0
6.2022,0.0243,9.5,19.345,-112.0
6.9774,0.0,13.9341,21.745,-112.0
13.0526,0.0,22.7076,20.635,-112.0
7.4442,0.0,12.7925,19.6,-112.0
4.4938,0.0,6.4435,21.165,-112.0
4.6849,0.0,10.481,20.46,-112.0
7.0965,0.0,11.0283,20.6,-112.0
5.2618,0.088,9.1415,20.815,-112.0
3.2874,0.0,5.9905,17.14,-112.0
19.4754,0.0,34.1037,19.345,-112.0
8.6001,0.0,15.6131,21.28,-112.0
4.2474,0.0,8.2925,19.77,-112.0
9.1059,0.0,15.0942,20.855,-112.0
4.496,0.0,6.3019,18.74,-112.0
3.5428,0.0,8.1226,18.225,-112.0
10.661,0.0,17.7264,19.95,-112.0
16.039,0.0,26.3396,19.515,-112.0
9.3826,0.0,16.2359,21.405,-112.0
3.0148,0.0,7.4717,20.165,-112.0
6.3882,0.0,12.7736,21.63,-112.0
5.0857,0.0,12.6982,20.8,-112.0
7.2822,0.0,13.2735,20.54,-112.0
3.0511,0.0,7.7453,20.68,-112.0
15.4997,0.0,30.9432,20.55,-112.0
6.1238,0.0,8.7924,22.425,-112.0
13.2531,0.0,24.4621,19.24,-112.0
9.1738,0.0,17.3868,22.045,-112.0
3.4472,0.0,6.6414,22.63,-112.0
9.2632,0.0,16.3396,22.485,-112.0
1.0984,0.0,3.1321,18.325,-111.0
3.4493,0.0,7.2641,20.33,-111.0
3.9871,0.0,9.4528,19.555,-112.0
6.0854,0.0,11.2172,21.59,-112.0
1.2218,0.0,2.717,20.715,-112.0
5.194,0.0,11.8869,19.655,-111.0
2.3442,0.0,4.0472,22.115,-111.0
10.3415,0.0,19.4057,21.285,-111.0
4.9998,0.0,9.2454,21.44,-111.0
6.4643,2.563,11.3586,21.14,-112.0
0.7617,0.0236,1.0472,21.0,-112.0
5.2993,0.0,7.8113,21.075,-111.0
3.9141,0.0,8.217,20.37,-111.0
6.3753,0.0,12.3774,23.08,-112.0
7.8464,0.0,13.2926,21.045,-112.0
8.1202,0.0,14.632,21.265,-112.0
2.7734,0.0,4.1605,18.54,-112.0
9.8154,0.0,16.4057,20.185,-112.0
4.6765,0.0,10.6887,19.54,-112.0
7.3282,0.0,15.3584,20.435,-112.0
2.4329,0.0,3.5378,18.35,-112.0
7.856,0.0,15.0849,20.435,-112.0
30.151,0.0,54.5188,22.495,-112.0
9.9411,0.0,21.4246,18.56,-112.0
0.7502,0.0,2.0283,21.855,-112.0
9.1502,0.0,16.9056,21.495,-112.0
11.2994,0.0,19.2076,19.935,-112.0
1.1757,0.0,3.6981,19.04,-112.0
11.8763,0.0,19.4057,20.445,-112.0
6.06,0.0,12.4433,21.665,-113.0
11.3549,0.0,21.3962,21.85,-113.0
6.714,0.0,11.566,21.495,-113.0
9.1538,0.0,16.8583,21.01,-113.0
5.3422,0.0,8.6699,20.945,-113.0
4.1377,0.0,8.2264,19.945,-113.0
5.1017,0.0574,9.6131,21.43,-113.0
4.5045,0.001,8.5189,20.385,-113.0
4.7388,0.0,8.2924,22.965,-113.0
9.9102,0.0,21.3395,20.275,-113.0
7.5616,0.0,15.6321,21.635,-113.0
19.9854,0.0,33.6037,19.81,-113.0
3.8725,0.0,8.5283,19.335,-113.0
11.9866,0.0,21.6886,19.035,-113.0
7.5874,0.0,16.1036,20.095,-113.0
4.6946,0.0,9.5377,21.97,-113.0
0.2778,0.0,0.0472,21.3,-113.0
4.8659,0.0,8.9056,21.115,-113.0
11.2494,0.0,23.4998,20.18,-113.0
6.7691,0.0,11.1605,20.71,-113.0
6.5942,0.0,11.6981,19.895,-112.0
1.8826,0.0,4.9057,21.53,-112.0
9.1437,5.714,17.1133,18.285,-112.0
20.3833,0.0528,35.0189,22.035,-112.0
6.9247,0.001,12.3398,21.0,-112.0
1.5898,0.0,2.0,20.83,-112.0
6.1339,0.0,10.5755,21.795,-112.0
0.3468,0.0,0.0472,21.47,-112.0
10.1142,0.0,18.8773,19.76,-112.0
23.549,0.0,52.9617,20.515,-112.0
13.5765,0.0,27.547,21.91,-112.0
2.925,0.6438,6.2452,21.325,-112.0
2.9832,0.0113,4.9056,22.205,-112.0
2.339,0.0,4.2547,20.95,-112.0
5.511,0.0,13.4998,21.5,-112.0
5.7566,0.0,14.1132,20.715,-112.0
9.8087,0.069,20.0377,22.36,-112.0
4.6725,0.001,12.132,18.09,-112.0
5.7705,0.0,14.5376,19.085,-112.0
5.131,0.0,8.9623,20.985,-112.0
5.4365,0.0,10.0566,20.165,-112.0
4.9326,0.0,8.5283,21.19,-112.0
4.4541,0.0,8.4811,21.05,-112.0
3.2886,0.0,9.3585,20.49,-112.0
5.4034,0.0,13.3772,20.29,-112.0
4.1581,0.0,9.3395,21.72,-112.0
6.503,0.0,13.4717,19.535,-112.0
9.265,0.0,16.8397,21.325,-111.0
5.1568,0.7616,11.415,20.005,-112.0
7.7236,0.0062,8.9057,21.63,-112.0
9.1066,0.0,15.7075,22.24,-112.0
5.8683,0.0,13.5754,20.91,-112.0
11.1229,0.0,21.1981,21.37,-112.0
4.3288,0.0,5.3491,22.355,-112.0
7.2367,0.0,12.4999,20.92,-112.0
6.4105,0.0,13.3585,20.51,-112.0
6.3197,0.0,11.5944,20.09,-112.0
5.0479,0.0107,10.6132,20.79,-112.0
10.6422,0.0,22.066,19.85,-112.0
4.5469,0.0,8.3586,20.88,-112.0
2.3899,0.0,3.8868,20.235,-112.0
8.6048,0.0,13.0661,20.295,-112.0
0.7194,0.0,2.0284,20.8,-112.0
6.5551,0.0,15.2736,22.785,-112.0
24.7726,0.0,42.5471,21.37,-111.0
9.8523,0.0,19.1698,21.355,-112.0
21.4326,0.0,47.6694,19.955,-112.0
9.2103,0.0,17.3112,20.96,-111.0
3.1869,0.0,5.0189,18.935,-111.0
4.1455,0.0,7.9906,20.49,-111.0
3.5194,0.0,6.783,21.325,-111.0
15.5494,0.0,33.4999,20.385,-111.0
8.3839,0.0,14.453,20.705,-111.0
6.9181,0.0,11.6886,21.37,-111.0
15.9786,0.029,36.8864,21.555,-111.0
7.247,0.0,18.1979,20.645,-111.0
3.7533,0.0,6.519,21.095,-111.0
1.1295,0.0,1.3114,21.14,-111.0
18.8316,0.0,30.4904,20.965,-111.0
3.2113,0.0,7.2171,20.875,-111.0
11.3856,0.0,27.8961,20.875,-111.0
9.2662,0.0,22.9339,21.36,-111.0
6.5215,0.0,10.4999,21.06,-111.0
3.274,0.015,6.1416,21.675,-111.0
0.0128,0.0,0.0,22.02,-111.0
9.4102,0.0,20.217,21.2,-111.0
2.4594,0.1526,5.3396,21.0,-111.0
11.3022,0.0,22.2264,19.99,-112.0
22.8171,0.1328,42.0849,21.655,-112.0
6.495,0.001,10.1603,20.98,-112.0
2.5912,0.0,4.6604,20.465,-112.0
8.9249,0.0,17.1507,21.93,-112.0
3.261,0.0,6.0661,19.435,-112.0
2.8941,0.0,5.1793,21.435,-112.0
0.6378,0.0,1.8585,20.79,-112.0
4.681,0.0,8.1981,17.38,-112.0
4.9685,0.0,8.9055,21.605,-112.0
4.6493,0.0,8.3019,21.16,-112.0
3.7668,0.0,8.368,20.945,-112.0
4.2176,0.0,9.6793,22.165,-112.0
8.0332,0.0,16.1035,20.58,-111.0
6.4594,0.0,12.4151,21.89,-112.0
3.9757,0.0,7.5567,21.505,-112.0
6.2864,0.0,14.9151,19.38,-112.0
5.5935,0.0,15.1791,18.36,-112.0
2.4015,0.0187,9.3113,20.39,-112.0
3.9642,0.0,10.6132,22.26,-112.0
7.6847,0.0,17.6132,21.805,-113.0
7.0461,0.0,17.2925,21.99,-113.0
6.9662,0.0,15.1037,22.505,-112.0
8.0107,0.0,18.9811,21.6,-112.0
3.2274,0.0,5.4716,21.415,-112.0
6.6168,0.0,12.6413,20.815,-113.0
8.089,0.0458,14.1226,20.255,-112.0
4.7404,0.0,9.7736,21.225,-112.0
5.4054,0.0,14.0471,20.645,-112.0
18.2451,0.0,34.4148,21.54,-112.0
8.2636,0.0,15.4433,22.325,-113.0
5.3334,0.0,11.3302,21.705,-113.0
5.7248,0.0,12.632,21.49,-112.0
10.215,0.0,18.4718,21.655,-113.0
6.3545,0.0158,12.1604,21.42,-113.0
10.2633,0.0,18.7076,22.205,-113.0
6.6181,0.0,13.9434,23.06,-113.0
3.1579,0.0,3.7264,22.67,-112.0
8.0752,0.0,13.7168,20.83,-112.0
4.7457,0.0,7.566,22.175,-112.0
2.9901,0.0,4.3586,22.255,-112.0
8.4022,0.0,15.8868,21.05,-113.0
1.3047,0.0,2.1792,20.975,-112.0
6.9458,0.0,14.9528,20.02,-112.0
2.2904,0.0,3.8679,19.62,-113.0
4.6966,0.0,9.7736,18.215,-113.0
21.3242,0.0,40.2263,19.445,-112.0
4.8013,0.0,8.8397,21.67,-112.0
6.9829,0.0,16.7828,21.87,-113.0
6.7936,0.0,13.1603,21.36,-112.0
7.3147,0.0,14.1887,19.495,-112.0
2.9619,0.0,4.8868,18.36,-112.0
2.0945,0.0,4.4057,21.115,-112.0
0.6671,0.0,1.1793,19.465,-112.0
5.9483,0.0,8.4999,18.36,-112.0
6.9766,0.0,17.3017,20.965,-112.0
3.541,0.0,5.368,21.91,-112.0
10.9141,0.0,26.9621,22.005,-112.0
8.3609,0.0,16.2925,21.2,-112.0
9.4586,0.0,20.2826,18.92,-112.0
5.1406,0.0,9.7357,21.765,-112.0
0.7044,0.0,0.0944,20.41,-112.0
5.2954,0.0,13.3113,21.54,-112.0
0.4792,0.0,0.0944,21.535,-114.0
5.38,0.0,10.8772,19.635,-113.49
20.6841,0.0,36.7546,19.8,-112.0
9.2265,0.0,15.7358,21.015,-112.0
10.4798,0.0,21.047,21.465,-112.0
7.2306,0.0,16.5849,20.33,-112.0
11.4099,0.0,25.3962,21.495,-112.0
6.2722,0.0032,11.2452,21.875,-112.0
1.8645,0.0,2.5472,19.995,-112.0
2.3518,0.0473,5.5661,20.385,-112.0
4.6219,0.1517,9.9623,21.66,-112.0
3.0474,0.001,4.7453,21.79,-113.0
25.3147,0.0,51.9054,20.0,-112.0
4.9919,0.0,10.9906,20.91,-112.0
22.5639,0.0,37.7261,18.65,-112.0
6.0112,0.0,10.3491,20.885,-112.0
1.6567,0.0,3.9811,21.025,-112.0
18.3346,0.0,41.8864,20.57,-112.0
5.0745,0.0,12.7829,18.81,-112.0
6.497,0.0,11.1981,19.86,-114.0
23.7275,0.0,44.7547,19.91,-113.0
10.9122,0.0,22.9054,20.325,-112.0
3.6424,0.0,5.6227,20.71,-112.0
7.2403,0.0,12.9434,20.19,-112.0
7.4622,0.0,16.3867,22.89,-112.0
3.8871,0.0,5.7925,21.42,-112.0
2.673,0.0,7.0095,18.89,-112.0
5.3594,0.0,8.1133,20.655,-112.0
2.9276,0.0,5.5944,20.84,-112.0
12.8969,0.0,23.8302,20.56,-112.0
8.8214,0.0,17.4246,22.02,-112.0
3.2346,0.0,4.8963,19.695,-112.0
6.5437,0.0,14.1793,21.085,-112.0
2.4726,0.0,4.9623,19.875,-112.0
2.4001,0.0,5.4811,20.555,-112.0
0.9447,0.0,3.0944,21.925,-112.0
4.493,0.0,8.3868,21.175,-112.0
1.2153,0.0,3.5189,17.175,-112.0
7.0211,0.0,12.4907,21.875,-112.0
0.8037,0.0,1.7736,22.355,-112.0
6.4975,0.0,9.8396,21.4,-112.0
3.3777,0.0,7.2925,21.215,-112.0
4.2107,0.0,10.3585,20.825,-112.0
12.7201,0.0,23.2547,19.075,-112.0
2.9893,0.0,5.0,21.66,-112.0
9.1334,0.0,21.0472,20.74,-112.0
5.1726,0.1601,5.6227,18.115,-112.0
4.2962,0.001,10.3868,21.56,-112.0
4.8749,0.0,9.066,19.705,-112.0
9.666,0.0,17.066,20.98,-112.0
5.0559,0.0,9.5,19.185,-112.0
4.6785,0.0,7.717,21.425,-112.0
5.8522,0.0,10.4245,21.96,-112.0
5.6158,0.0,10.066,19.105,-112.0
9.2966,0.0,15.3962,20.95,-112.0
19.1159,0.0,34.5378,20.83,-113.0
9.4379,0.0,22.6508,19.395,-112.0
26.8024,0.0,46.8584,20.25,-112.0
12.67,0.0,24.4056,19.255,-112.0
31.0967,1.389,56.1884,21.225,-112.0
7.8092,0.0148,14.132,21.36,-114.0
12.4968,0.0,19.4621,20.465,-114.0
9.003,0.0,15.4622,20.295,-114.0
9.9267,0.2669,18.8867,21.14,-113.0
3.7422,0.003,8.0284,22.5,-112.0
1.9083,0.0,4.9812,20.14,-113.0
1.1203,0.0,1.7264,19.125,-113.0
0.1258,0.0,0.1415,19.845,-113.0
0.6493,0.0,2.717,21.72,-113.0
0.3245,0.0,0.1415,21.09,-114.0
5.9608,0.0,9.2171,19.195,-114.0
0.0434,0.0,0.0472,21.085,-114.0
7.0324,0.0,11.6131,21.805,-114.0
5.3822,0.0,10.7358,20.82,-113.0
3.6892,0.0,7.4057,19.815,-112.0
0.5258,0.0,0.1416,20.485,-112.0
6.9462,0.0,13.6509,21.19,-112.0
1.3161,0.0,2.0943,18.815,-112.0
9.3044,0.0,15.1509,21.445,-112.0
32.4332,0.0944,57.1131,21.63,-112.0
8.9156,0.001,14.6415,21.255,-112.0
2.403,0.0,4.0283,21.01,-112.0
5.2334,0.0,10.1321,21.58,-114.0
1.7378,0.0,2.0566,21.345,-114.0
3.0017,0.0,5.3019,19.82,-114.0
0.3411,0.0,0.0472,21.29,-114.0
9.245,0.0,16.066,21.56,-113.0
8.6557,0.0079,18.0093,21.575,-114.0
4.7244,0.0,7.1132,21.49,-113.0
3.9445,0.0,8.2264,22.32,-112.0
5.7836,0.0,12.9152,21.825,-114.0
9.093,0.1168,16.4906,21.57,-114.0
4.3738,0.001,10.5284,19.41,-113.0
5.1987,0.0,9.2453,19.785,-112.0
19.5261,0.0,34.8302,21.16,-112.0
8.9462,0.0,18.0282,19.97,-114.0
4.1185,0.0,7.8396,21.04,-114.0
9.021,0.0,16.0378,19.92,-114.0
3.455,0.0,5.0189,22.02,-114.0
2.8827,0.0,5.9434,21.19,-114.0
4.1353,0.0,7.8868,21.03,-114.0
9.1091,0.0,17.4434,21.115,-114.0
2.4811,0.0,3.5944,20.01,-112.0
6.3725,0.0,8.8302,21.51,-112.0
5.3478,0.0,9.4245,19.77,-112.0
4.3902,0.0,9.6131,19.485,-112.0
12.1147,0.0,19.9152,21.65,-112.0
6.9267,0.0,12.5754,20.315,-112.0
14.5607,0.0,26.9717,20.035,-114.0
11.5898,0.0,21.9246,18.085,-114.0
10.2981,0.0,16.6038,20.27,-114.0
2.7785,0.0,5.6793,21.075,-114.0
30.8774,0.0,55.3962,20.41,-114.0
6.4483,0.0,9.4528,20.85,-114.0
31.7356,0.0,54.1697,21.005,-114.0
7.3218,0.0,13.7547,19.78,-114.0
2.9259,0.0,5.5378,19.835,-113.0
2.9261,0.0,8.4812,18.115,-114.0
5.059,0.1005,7.9341,19.1,-114.0
5.9254,0.001,10.1698,18.985,-113.0
1.699,0.0,3.8207,22.065,-112.9892
0.3253,0.0,0.0944,21.06,-112.0
7.6105,0.0,13.3018,20.15,-114.0
12.5679,0.0,25.6318,18.81,-114.0
8.728,0.0,17.6132,21.795,-114.0
5.7158,0.0,8.7358,21.71,-114.0
6.4845,0.0,11.9056,17.815,-114.0
9.8401,0.0056,19.066,21.285,-114.0
9.1514,0.0,20.3208,22.465,-114.0
3.6222,0.0,6.0849,19.83,-114.0
5.4034,0.0,10.0093,20.635,-113.0
2.8215,0.0,5.8868,21.14,-112.0
8.4316,0.0,22.179,19.015,-112.0
3.6608,0.0,6.9151,21.705,-112.0
3.0351,0.0,5.6981,21.09,-112.0
3.5841,0.0,5.7925,21.245,-112.0
13.7826,0.0,24.5849,20.535,-112.0
6.1625,0.0,10.934,19.87,-112.0
11.7275,0.0,25.7923,22.635,-112.0
2.4032,0.0,5.5755,22.115,-112.0
6.0741,0.0,13.8396,20.235,-113.0
2.2416,0.0,2.7736,19.83,-114.0
1.0436,0.0,1.3963,21.43,-114.0
11.3241,0.0,21.5378,19.93,-112.0
1.827,0.0,1.9812,21.645,-113.0
6.7706,0.0,13.0189,18.57,-112.0
2.925,0.072,3.6133,23.15,-112.0
19.5174,0.001,37.0469,19.745,-112.0
4.7226,0.0,8.6793,21.205,-112.0
18.9064,0.0,29.9434,21.85,-112.0
6.5257,0.0,17.1037,21.85,-113.0
11.3695,0.0,19.6038,22.115,-112.0
8.8152,0.0,15.0566,22.125,-112.0
0.2424,0.0,0.0,18.65,-112.0
6.9526,0.0,12.6509,21.19,-112.0
24.9739,0.0,45.7262,21.325,-112.0
5.2726,0.0,10.3585,22.48,-113.0
0.2884,0.0,0.0472,20.345,-112.0
6.9698,0.0,13.368,23.025,-113.0
0.3278,0.0,0.0,22.045,-113.0
4.279,0.0,9.698,19.04,-112.0
0.4738,0.0,0.0944,21.33,-112.0
4.9106,0.0,9.7169,20.92,-112.0
25.4826,0.0,43.4245,20.25,-112.0
4.0061,0.0,8.6793,20.125,-112.0
3.6644,0.0,5.9151,22.01,-112.0
6.1857,0.0,13.8868,20.17,-112.0
3.7747,0.0,6.6981,20.625,-112.0
2.8501,0.0,4.6698,18.905,-112.0
4.8572,0.0678,7.1981,20.555,-112.0
6.7404,0.001,13.2831,20.16,-112.0
4.7724,0.0,9.3112,22.05,-112.0
1.113,0.0,2.0472,21.58,-112.0
4.6006,0.0,8.6793,21.275,-112.0
4.5544,0.0,8.585,22.51,-113.0
8.263,0.0,13.9245,21.795,-112.0
33.4629,0.0,58.2355,18.575,-112.0
2.7887,0.0,5.5567,19.375,-112.0
0.0761,0.0,0.0944,21.175,-112.0
6.194,0.0,11.9906,21.12,-112.0
36.2731,0.0,60.7641,22.2,-112.0
4.3857,0.0,10.1699,19.135,-112.0
0.333,0.0,0.0944,20.095,-112.0
8.6954,0.1195,15.3302,20.21,-112.0
3.6393,0.001,5.2264,21.41,-112.0
3.4232,0.0,8.4623,21.45,-112.0
23.2241,0.0,39.5754,21.33,-112.0
1.5864,0.0,3.8397,21.23,-112.0
7.0493,0.0,13.8113,22.15,-112.0
1.0857,0.0,1.8396,21.68,-112.0
4.7773,0.0,12.0378,21.285,-112.0
2.7455,0.0,5.0378,19.73,-112.0
4.7643,0.0,10.1038,21.835,-112.0
3.7473,0.0,6.6227,21.06,-112.0
8.7707,0.0,16.2453,22.355,-112.0
2.0423,0.0,5.1982,21.76,-112.0
4.1811,0.0,9.5755,23.58,-112.0
2.7286,0.0,5.5189,19.65,-112.0
7.9944,0.0,19.132,22.46,-112.0
7.3051,0.0,11.4057,21.4,-112.0
8.6526,0.0,15.1509,20.555,-112.0
4.1267,0.0,7.0755,18.21,-112.0
1.3299,0.0,2.5189,21.595,-112.0
3.2419,0.0,5.0472,21.17,-112.0
5.0986,0.0,8.3963,20.88,-112.0
3.7005,0.0,5.4245,19.985,-112.0
9.2382,0.0,18.3204,21.9,-112.0
1.0587,0.0,1.6792,20.255,-112.0
9.5162,0.0,20.6509,22.945,-112.0
17.6022,0.0087,33.4619,20.445,-112.0
2.2846,0.2476,0.0944,22.085,-112.0
35.8724,0.0179,61.7641,21.02,-113.0
0.0167,0.001,0.0,19.5,-113.0
0.1472,0.0,0.0472,20.93,-112.0
0.0167,0.0,0.0,21.4,-112.0
0.0154,0.0,0.0,18.215,-112.0
25.1985,0.0,42.9245,21.44,-112.0
35.5201,0.0,61.5094,20.535,-112.0
0.2126,0.0,0.0944,20.315,-112.0
19.2374,0.0,31.5566,21.78,-112.0
0.0167,0.0,0.0,17.62,-113.0
0.0167,0.0,0.0,21.535,-113.0
38.3801,0.0,59.0188,19.84,-113.0
1.7274,0.0,1.6132,22.395,-112.0
0.1434,0.0,0.0944,19.825,-112.0
36.0718,0.0,62.7641,19.335,-113.0
0.0375,0.0,0.0944,21.92,-113.0
0.032,0.0,0.0472,21.37,-113.0
0.0313,0.0,0.0472,20.54,-112.0
19.7972,0.0,33.7925,22.76,-113.0
34.8097,0.0,60.2547,20.3,-114.0
35.4421,0.0,58.0188,20.335,-113.0
0.0167,0.0,0.0,21.14,-112.0
0.0167,0.0,0.0,22.37,-112.0
0.0167,0.0,0.0,20.76,-112.0
21.5138,0.0,35.7548,19.315,-112.0
0.0167,0.0,0.0,21.0,-112.0
0.0167,0.0,0.0,21.27,-112.0
35.7121,0.0,60.5094,19.81,-112.0
0.2985,0.0,0.0,20.78,-112.0
9.1071,0.0,16.6793,21.285,-112.0
5.1468,0.0,10.0,19.345,-112.0
0.0167,0.0,0.0,12.45,-112.0
6.5606,0.0,12.0472,21.835,-112.0
35.0611,0.0,59.7641,20.395,-112.0
6.9895,0.0,11.4812,20.68,-112.0
1.4889,0.0,3.3585,22.15,-112.0
6.9629,0.0,16.1132,20.375,-112.0
19.4016,0.0,32.6509,20.36,-112.0
4.9839,0.0,9.0472,20.935,-113.0
5.2796,0.0,11.1981,21.71,-113.0
2.5374,0.0,4.3302,22.025,-113.0
4.1054,0.0,7.9245,18.98,-113.0
4.9672,0.0,10.6038,22.055,-112.0
2.7463,0.0,6.8018,21.305,-113.0
8.893,0.0,21.6509,21.13,-112.0
1.2705,0.0,1.0472,20.96,-112.0
6.6901,0.0,18.3208,21.815,-112.0
2.1879,0.0,3.8585,21.925,-112.0
8.9105,0.0,14.4622,22.195,-112.0
1.0195,0.0,3.0284,18.5,-112.0
6.8694,0.0,16.1887,22.415,-113.0
13.9659,0.0,33.9997,20.115,-113.0
9.136,0.0,16.1885,19.59,-113.0
3.0546,0.0,5.4906,22.0,-113.0
5.396,0.0,10.2642,19.085,-113.0
4.1989,0.0,8.4435,21.98,-113.0
2.969,0.0,6.2736,21.88,-113.0
2.9016,0.0,5.6227,19.945,-113.0
6.872,0.0,13.9529,20.115,-113.0
0.489,0.0,0.2736,19.565,-113.0
10.0624,0.0,17.6226,19.94,-113.0
4.845,0.0,9.632,20.44,-112.0
9.341,0.0,15.7736,20.34,-113.0
4.7952,0.0,9.283,19.61,-113.0
8.261,0.0,16.6038,22.535,-113.0
3.9482,0.0,7.0755,22.16,-113.0
4.5039,0.0746,10.651,21.425,-113.0
27.6092,0.001,55.4619,19.95,-113.0
3.7818,0.0,10.0943,21.69,-113.0
20.6282,0.0,53.537,21.195,-113.0
7.0119,0.0,12.4906,21.36,-113.0
19.4422,0.0,32.6698,19.845,-113.0
3.7736,0.0,6.5095,20.75,-113.0
20.1636,0.0,33.4339,19.355,-113.0
9.226,0.0,17.8962,20.095,-112.0
11.4158,0.0,17.9246,19.04,-113.0
8.5294,0.0,16.2264,20.37,-112.0
7.6231,0.0,14.632,21.48,-112.0
3.872,0.0,7.1226,20.205,-112.0
0.0167,0.0,0.0,21.63,-112.0
4.1595,0.0,7.1698,21.345,-112.0
0.0128,0.0,0.0,20.055,-111.0
11.9247,0.0,17.9999,22.025,-111.0
0.0279,1.3766,0.0,21.72,-111.0
7.9498,0.0102,10.1038,21.73,-111.0
0.0965,0.0,0.0944,21.715,-112.0
0.9802,0.0,1.3396,20.525,-112.0
6.5498,0.0,11.566,21.47,-112.0
4.1738,0.0,8.5188,20.52,-112.0
6.0659,0.0,11.698,20.655,-112.0
4.3069,0.0,10.4057,21.46,-112.0
5.9429,0.6861,10.6792,21.62,-111.0
4.3316,0.1375,10.4528,22.155,-111.0
4.0356,0.001,8.1321,21.945,-111.0
2.0094,0.0,5.3302,20.44,-111.0
4.4231,0.0,6.8679,21.885,-111.0
1.3091,0.0,3.6793,21.895,-112.0
7.1423,0.0,13.2359,20.675,-111.0
4.4462,0.0,7.0189,21.65,-111.0
9.2184,0.0,17.3869,22.09,-111.0
3.4887,0.0,7.4151,20.92,-111.0
4.2631,0.0,7.7641,22.465,-111.0
1.8221,0.0,3.6415,17.335,-111.0
6.5285,0.0,13.1979,19.625,-111.0
10.1066,0.0,18.9811,19.955,-111.0
2.021,0.0,5.1604,19.77,-111.0
11.1766,0.0,18.7168,21.46,-111.0
4.3062,0.0,6.5566,19.54,-111.0
7.761,0.0,15.5095,20.5,-111.0
7.576,0.0,17.1036,20.075,-111.0
4.6345,0.0,7.0849,21.25,-111.0
5.1264,0.0,9.3019,22.11,-111.0
2.8994,0.0,5.6509,21.3,-111.0
9.3402,0.0,18.387,21.795,-111.0
16.3685,0.5243,29.0661,20.95,-111.0
7.2479,0.0045,13.6698,21.665,-111.0
16.1416,0.0,27.5849,20.56,-111.0
6.9253,0.0,13.1886,20.73,-111.0
5.9178,0.0,11.9245,20.035,-112.0
5.183,0.0,7.8586,19.415,-112.0
4.7864,0.0,7.2453,20.385,-112.0
7.3892,0.0,15.4246,21.37,-112.0
27.3763,0.0,43.6603,21.42,-111.0
9.1418,0.0,17.8868,19.52,-112.0
30.9375,0.0,53.9621,20.21,-112.0
9.0121,0.007,16.4433,21.365,-111.0215
12.6594,0.0,23.9622,21.785,-111.0
5.2838,0.0,10.2548,22.3,-111.0
18.8677,0.0,39.7168,20.925,-112.0
6.4198,0.0,11.9245,21.86,-111.0
20.1876,0.0,35.1038,21.025,-112.0
3.22,0.0,7.3019,19.285,-111.0
20.0459,0.0,31.1603,22.2,-112.0
7.2218,0.0,11.953,20.895,-111.0
4.317,0.0,8.1887,22.14,-111.0
7.6686,0.0,15.5,21.97,-112.0
8.2236,0.0,15.6792,21.52,-112.0
1.9848,0.0,4.1133,20.63,-112.0
26.3456,0.0,43.1792,20.325,-112.0
5.8164,0.0,9.4057,20.955,-112.0
1.4329,0.0,2.3019,21.48,-112.0
0.8624,0.0,0.5189,21.61,-112.0
29.4511,0.0,58.6127,22.71,-112.0
3.0062,0.0,5.1416,20.17,-112.0
1.9551,0.0,2.6322,20.685,-112.0
3.4417,0.0,8.0755,20.695,-112.0
1.9519,0.0,4.1888,21.775,-112.0
4.0488,0.0,9.0001,20.72,-112.0
0.4983,0.0,0.0943,19.345,-112.0
3.6802,0.0,7.9529,19.97,-112.0
20.8226,0.0,36.7356,21.67,-112.0
4.1776,0.0,8.934,20.4,-112.0
3.7313,0.0,4.8491,20.62,-112.0
3.6921,0.0,8.953,19.98,-112.0
7.9093,0.0,13.3397,20.7,-111.0
3.9038,0.3968,8.8492,19.8,-111.56
8.1713,0.003,13.0189,22.115,-111.0
3.3497,0.0,5.7264,20.825,-111.0
3.2134,0.0,6.3208,18.805,-111.0
2.1519,0.0,3.6699,21.34,-112.0
4.7751,0.0,7.5472,21.335,-111.0
4.3334,0.0,9.2075,20.92,-111.0
4.7902,0.0,11.7642,21.78,-111.0
2.3389,0.0,4.9245,19.575,-111.0
5.2487,0.0,9.2925,19.865,-111.0
1.2714,0.0,2.2925,21.17,-112.0
8.6229,0.0453,14.9623,22.255,-112.0
1.3933,0.0,1.934,19.105,-112.0
4.5498,0.0,7.8585,21.48,-111.0
1.1098,0.0,1.4811,18.68,-112.0
9.7982,0.0,18.2829,19.275,-112.0
1.2113,0.0,2.1415,21.18,-112.0
5.9454,0.0,10.0472,20.87,-111.0
1.7394,0.0,1.7359,20.23,-111.0
5.5896,0.0,10.6133,21.775,-111.0
2.8684,0.0,7.0566,22.075,-111.0
8.5714,0.0,15.2925,22.245,-111.0
1.853,0.0,4.0755,21.22,-111.0
6.359,0.0,13.2169,21.965,-111.0
7.0181,0.0,13.6698,21.8,-111.0
9.1609,0.0,15.8584,20.875,-111.0
4.573,0.0,7.6509,21.07,-111.0
6.431,0.0,11.1604,21.22,-111.0
3.0585,0.0,5.0943,20.215,-111.0
9.2412,0.0,18.8867,23.38,-111.0
3.2602,0.0,7.1416,22.14,-108.41
9.2491,0.0224,15.1132,21.59,-111.0
8.6485,0.0,16.0566,20.64,-111.0
6.3391,0.0,10.6981,21.45,-112.0
25.8888,0.0,43.9245,21.72,-112.0
8.1114,0.0,15.6886,20.8,-112.0
29.7034,3.3738,56.9523,20.775,-112.0
6.4154,0.0284,11.0944,22.37,-112.0
31.3277,0.0,52.8679,21.365,-112.0
9.201,0.0,16.9529,21.195,-112.0
2.8546,0.0,4.0472,21.55,-111.0
4.3841,0.0,7.9717,22.37,-111.0
5.5857,0.0,9.085,21.98,-112.0
5.2922,0.0,9.8302,22.075,-112.0
22.0934,0.0,37.9056,21.62,-112.0
3.4338,0.0445,7.5944,20.295,-111.0
8.3633,0.0,17.3301,22.125,-112.0
8.753,0.0,17.1509,23.21,-112.0
23.3787,0.0,40.2547,20.0,-111.43
9.1054,0.0,18.0471,20.9,-112.0
5.1024,0.0,8.2264,21.255,-112.0
9.1124,0.0,14.9245,19.585,-112.0
7.3473,0.0,13.3302,17.76,-112.0
9.1497,0.0,17.7074,22.095,-112.0
8.0645,99.5883,14.0,20.355,-112.0
7.8757,99.3954,16.0,21.475,-112.0
7.5549,99.9823,14.1132,19.9,-112.0
8.6542,100.0,18.0,19.145,-112.0
4.2754,100.0,8.7736,19.26,-112.0
8.1191,100.0,16.0,19.925,-112.0
4.6763,1.8404,8.8112,20.52,-112.0
5.0404,0.015,9.8679,19.515,-112.0
14.6974,0.0,26.132,21.075,-112.0
6.6484,0.0,12.5,21.55,-112.0
3.5162,0.0,9.2171,21.905,-112.0
7.8906,0.0,17.9244,20.43,-112.0
21.5207,0.0,42.1504,19.71,-112.0
7.4693,0.0,13.934,20.235,-112.0
4.0514,0.0,8.6886,18.615,-112.0
3.2732,0.0,7.066,20.49,-111.95
19.5081,0.0,36.2922,22.835,-111.0
2.8232,0.0,6.5566,21.795,-112.0
17.6634,0.0,29.5,20.845,-112.0
9.5751,0.0,21.3114,22.205,-112.0
23.7042,0.0,39.745,21.21,-112.0
7.1198,0.0,15.349,20.35,-111.0
6.5437,0.003,9.6415,21.22,-111.0
4.1946,0.0,7.5661,20.45,-111.0
0.2682,0.0,0.0472,17.81,-111.0
5.8172,0.0,11.2075,21.435,-111.0
23.9183,0.0,39.2263,20.465,-111.0
8.2304,0.0,13.5661,21.585,-112.0
20.9205,0.0,36.0378,21.26,-112.0
6.9889,0.0,14.6604,20.56,-111.0
0.0844,0.0,0.0,21.455,-112.0
4.6622,0.0,9.7169,17.62,-112.0
0.5378,0.0,0.1416,20.045,-112.0
2.5766,0.0,6.0944,21.77,-114.0
20.5589,0.0,35.8112,21.47,-112.0
7.4481,0.0,13.3396,21.33,-112.0
6.5367,0.0,12.5283,21.56,-112.0
8.37,0.0,17.1509,21.92,-112.0
8.122,0.0,15.8396,20.985,-112.0
2.6388,0.0,5.5754,17.86,-112.0
4.4802,0.0,7.236,22.305,-112.0
4.2413,0.0,7.2265,21.63,-112.0
2.6574,0.0,5.5094,21.52,-111.72
4.1471,0.0,8.7076,20.435,-112.0
3.7258,0.0,6.9812,21.665,-112.0
7.8526,0.0,14.8113,20.25,-112.0
6.9861,0.0,11.1415,19.705,-112.0
3.1714,0.0,7.5095,21.2,-112.0
9.356,0.0,23.1129,19.585,-112.0
7.0706,0.0,11.4812,18.89,-112.0
9.2807,0.0,20.9433,21.1,-112.0
2.9304,0.0,3.2453,20.875,-112.0
5.2605,0.0,11.5189,20.945,-112.0
1.0638,0.0,2.8302,22.29,-112.0
6.1927,0.0,11.0566,22.645,-112.0
4.2912,0.0,9.3963,21.19,-112.0
9.1089,0.0,18.2548,20.82,-112.0
4.6603,0.0,8.6887,21.85,-111.0
6.551,0.0,12.9339,20.8,-111.0
11.4694,0.0,20.5,18.765,-111.0
9.4526,0.0,20.8963,20.055,-112.0
3.3634,0.0,7.4056,21.705,-112.0
5.1738,0.0,9.434,20.945,-112.0
2.9806,0.0,5.3962,20.38,-111.0
6.4007,0.0,12.4245,20.415,-111.8817
22.8789,0.1926,41.5472,19.155,-112.0
7.0746,0.0018,12.0565,19.775,-112.0
30.5118,0.0,49.4245,20.22,-111.0
12.0248,0.0,21.3961,21.575,-111.0
26.9518,0.0,44.5753,21.68,-111.0
4.5188,0.0,6.8114,19.02,-111.0
17.8343,0.0,35.8111,22.11,-112.0
6.9638,0.0,14.8397,22.0,-113.0
11.3778,0.0,20.8113,20.545,-111.0
6.0959,0.0,11.6037,20.72,-111.0
9.1094,0.012,16.0,21.18,-111.0
3.8836,0.0,10.0,21.445,-111.0
4.8571,0.0,10.3207,21.095,-111.0
7.0778,0.0,15.4433,21.56,-111.0
29.0812,0.0,50.0374,20.505,-111.0
5.1262,0.0,9.1794,19.865,-112.0
13.833,0.0,24.9056,19.33,-111.0
5.1635,0.0,10.1132,22.265,-111.0
0.069,0.0,0.0472,19.94,-111.0
9.1325,0.0,13.8302,22.005,-111.0
26.9316,0.0,47.2924,20.155,-111.0
2.6767,0.0,5.8868,20.41,-112.0
3.6967,0.0,6.6698,21.175,-111.0
2.8708,0.0,5.3208,20.35,-111.0
5.7746,0.0,9.3302,20.76,-112.0
6.8286,0.0,13.9811,20.565,-111.0
8.1979,0.0,14.4716,20.025,-111.0
1.8645,0.0,2.8491,21.165,-111.0
4.753,0.0,9.8019,19.555,-111.0
4.6603,0.0,9.6509,20.965,-111.0
1.0948,0.0,2.1321,19.355,-111.0
4.0002,0.0,5.6227,16.56,-111.0
7.5906,0.0,18.349,21.865,-111.0
2.831,0.0,6.4717,21.16,-111.0
7.5063,0.5076,10.5756,20.435,-111.0
3.0574,0.005,7.1227,20.77,-111.0
7.5434,0.0,16.3114,20.36,-111.0
9.0026,0.0,22.0093,21.92,-111.0
13.8234,0.0,27.9526,22.265,-111.0
5.38,0.0,9.3491,21.025,-111.0
3.1829,0.0,4.4812,20.065,-111.0
1.2902,0.0,2.4151,21.9,-111.0
4.697,0.0,9.6132,19.61,-111.0
9.3985,0.0,21.0376,19.11,-111.0
6.9408,0.0,11.7548,20.335,-111.0
4.1337,0.0,6.9623,21.085,-111.0
6.0394,0.0,12.6227,21.62,-111.0
4.2744,0.0,9.0,21.57,-111.0
9.2294,0.0,17.7736,20.345,-111.0
7.266,0.0,12.1321,22.09,-111.0
5.6228,0.0,11.2359,19.745,-112.0
21.979,0.0,48.7825,20.255,-111.0
9.0821,0.0,17.802,23.875,-112.0
13.0701,0.0,21.0189,20.395,-111.0
15.7846,0.0,27.9151,21.285,-112.0
25.0257,0.0,43.6887,20.245,-111.0
4.7984,0.0,10.8019,20.915,-112.0
2.4085,0.0,6.2924,21.295,-113.0
4.9505,0.0,10.7736,21.195,-112.0
3.0374,0.0,6.934,20.39,-112.0
6.4962,0.0,11.5756,21.32,-112.0
2.2744,0.0,3.5378,19.76,-113.0
3.9615,0.0,7.6415,21.365,-113.0
2.8597,0.0,5.934,21.085,-113.0
6.0964,0.0,13.1604,22.11,-112.0
1.3099,0.0,2.5377,22.34,-113.0
9.222,0.0,20.632,18.445,-112.0
3.1322,0.0,6.349,21.525,-112.0
9.0927,0.0,16.9339,22.445,-112.0
2.8052,0.0,5.934,19.285,-112.0
6.0336,0.0,10.5564,20.285,-112.0
6.9013,0.0,10.5378,21.12,-112.0
8.6971,0.0,18.283,18.685,-113.0
7.5296,0.0,12.1698,20.95,-113.0
9.423,0.8196,16.8209,20.25,-113.0
34.1658,0.0073,60.2736,21.1,-114.0
8.1138,0.0,19.7453,21.05,-114.0
30.9294,1.047,51.481,21.375,-112.08
9.0992,0.0098,18.5755,22.515,-114.0
31.9701,0.0,54.4905,20.945,-114.0
6.8207,0.0,13.4339,21.505,-114.0
5.2438,0.0,11.3208,19.855,-113.0
6.911,0.0,10.368,18.37,-114.0
6.0803,0.0,13.2926,23.365,-114.0
7.0087,2.7161,11.8302,21.585,-114.0
31.0029,0.0245,53.5658,20.875,-114.0
35.534,0.0,61.7641,21.56,-114.0
11.3374,0.0,20.9811,20.85,-114.0
1.3857,0.0,3.1322,21.36,-114.0
0.0309,0.0,0.0472,21.825,-114.0
4.2099,0.0,7.6037,21.07,-114.0
11.2366,0.0,21.7925,20.335,-114.0
3.329,0.0,6.8962,21.995,-114.0
32.5886,0.0,53.8019,21.105,-114.0
6.3999,0.0,12.368,18.28,-114.0
28.8474,0.0,49.9151,21.895,-114.0
1.641,0.0,1.8019,20.5,-114.0
0.5143,0.0,0.1415,21.36,-112.0
9.3012,0.0,16.9245,20.37,-114.0
7.9444,0.0,13.3396,20.81,-114.0
3.5902,0.0,7.0094,20.285,-114.0
6.1506,0.0196,9.868,20.34,-113.0
0.7636,0.0,2.0944,19.295,-113.0
5.1406,0.0,10.0377,21.62,-113.0
0.7452,0.0,2.0284,21.09,-113.0
4.873,0.0,7.3963,18.125,-113.0
5.0424,0.0,10.9529,22.17,-114.0
4.5954,0.0,10.3774,20.75,-113.0
4.4358,0.0,7.7358,21.375,-114.0
2.9222,0.0,4.6227,20.775,-114.0
1.0624,0.0,1.6133,21.42,-114.0
8.1138,0.0,10.2452,20.55,-114.0
3.157,0.0,5.8774,22.775,-114.0
8.7796,0.0,16.7358,21.345,-114.0
1.1205,0.0,1.5944,21.175,-114.0
6.94,0.0,13.2737,19.775,-114.0
5.2202,0.0,9.1509,21.37,-113.0
7.4236,0.0,15.7641,20.055,-113.0
4.3093,0.0,8.6038,19.445,-113.0
2.8928,0.0,5.5849,20.535,-113.0
2.9682,0.0,5.1038,20.37,-114.0
0.0167,0.0,0.0,21.48,-114.0
8.3598,0.0,13.349,19.435,-113.0
4.9508,0.0,8.0377,20.93,-114.0
0.0385,0.0,0.0,18.1,-114.0
4.7709,44.5833,11.2454,20.455,-114.0
3.7122,0.3555,10.5095,20.955,-113.0
7.805,0.003,17.3585,22.42,-113.9
21.698,0.0,38.3584,20.135,-113.0
8.5818,0.0,17.1791,19.51,-114.0
7.9246,78.7344,16.0,18.92,-113.0
7.8726,99.9955,15.0,18.79,-113.0
8.807,100.0,18.0,18.445,-113.0
5.773,0.9633,12.4339,20.39,-113.0
9.2292,0.003,22.3112,21.23,-114.0
2.9185,35.8331,7.7549,17.85,-112.9892
6.9863,0.4614,12.0377,20.955,-114.0
5.3646,0.005,11.0943,19.05,-114.0
3.3519,0.0,7.7925,18.72,-113.0
6.4514,0.0,11.1038,18.615,-114.0
8.9022,0.0,17.3302,20.895,-114.0
3.5609,0.0,5.0849,19.635,-114.0
9.2334,0.0,16.6887,20.775,-114.0
2.4851,0.0,4.5944,20.56,-112.0
9.7887,0.0,17.3868,20.99,-113.0
5.2173,0.0,8.2076,19.35,-114.0
5.8751,0.0,9.3491,18.37,-113.0
6.0045,0.0,11.2358,21.46,-113.0
8.6584,0.0,17.0094,19.885,-113.0
2.8166,0.0,6.7925,22.145,-113.0
6.1934,0.0,15.3773,20.985,-113.0
4.581,0.0,8.4528,22.0,-111.0
9.3717,0.0,16.2359,20.905,-112.0
2.4516,0.0,5.717,24.405,-111.0
7.9483,98.9171,16.0,18.03,-111.0
8.5707,99.6842,17.2547,19.08,-113.0
8.4617,100.0,17.0,18.01,-114.0
9.1156,99.985,16.6226,19.365,-114.0
8.1,100.0,15.8868,19.85,-113.0
7.5852,100.0,14.8207,17.05,-114.0
5.6216,100.0,13.6038,18.57,-113.0
8.6171,100.0,15.0,18.3,-113.0
9.0225,99.5688,14.5566,18.77,-113.0
8.1731,100.0,15.0,18.04,-112.0
8.085,99.8915,16.0,18.74,-113.0
8.9715,100.0,14.0,17.54,-113.0
8.5603,100.0,14.0,18.835,-113.0
8.2299,99.7602,15.0,17.985,-113.0
9.1393,100.0,16.0,19.93,-114.0
8.2232,100.0,16.0,18.02,-114.0
7.7004,99.8162,15.0,19.985,-113.0
7.6082,99.6575,12.0,39.575,-114.0
7.9108,99.3419,16.0,18.405,-113.0
7.8672,100.0,16.0,18.275,-113.0
8.7607,99.4424,16.7264,19.01,-114.0
7.6977,100.0,15.0,18.025,-113.0
1.6189,8.4998,3.0095,19.75,-113.0
4.0217,100.0,9.9434,17.255,-113.0
0.8245,100.0,0.8019,22.02,-112.0
0.797,99.0372,2.6793,18.5,-112.0
8.7312,100.0,17.0,18.57,-113.0
9.1187,100.0,17.0,20.355,-112.0
8.6512,99.3691,16.0,18.645,-113.0
8.3438,100.0,16.7736,21.29,-113.0
8.2832,99.8455,16.0,19.005,-113.0
8.0833,100.0,15.6698,20.14,-113.0
8.503,100.0,17.0,19.425,-112.0
5.5472,100.0,12.2453,17.835,-113.0
8.7728,100.0,16.0,19.115,-113.0
8.9281,100.0,18.0,17.15,-113.0
7.6607,99.3324,17.6132,17.59,-112.0
7.8887,99.7429,14.0,19.165,-113.0
7.871,99.87,13.0,19.245,-113.0
9.0756,100.0,18.0,18.2,-113.0
7.9813,98.9557,15.0,17.51,-112.0
8.1784,100.0,14.0,18.57,-112.0
4.0542,98.4218,11.0189,19.37,-114.0
8.2824,100.0,18.0,20.61,-113.0
0.6436,100.0,1.8868,17.0,-114.0
8.3896,97.2582,13.0,19.88,-113.0
7.6539,99.0982,14.783,17.145,-113.6022
8.0183,99.136,16.434,20.025,-114.0
7.8018,99.6336,14.0,18.63,-114.0
6.6475,100.0,12.585,18.705,-113.0
7.6797,100.0,13.0472,20.02,-113.0
9.1791,100.0,18.0,19.96,-113.0
9.4961,100.0,18.0,18.475,-112.0
3.9189,100.0,7.9718,19.495,-112.0
8.2242,99.8521,15.0,20.05,-113.0
8.0759,99.3956,15.6227,19.595,-113.0
7.1445,100.0,14.934,18.79,-112.3763
8.0461,100.0,16.0,17.54,-113.0
8.7845,100.0,17.0,19.26,-113.0
8.1089,100.0,16.0,18.86,-113.0
8.5207,99.7343,16.0,17.775,-113.0
8.087,100.0,15.0,22.19,-113.0
8.6357,100.0,17.0,17.77,-114.0
6.5449,100.0,10.3774,17.705,-113.0
8.9214,100.0,17.0,18.8,-113.0
9.0471,99.8422,17.0,18.32,-113.0
7.455,99.2207,14.0,18.42,-113.0
4.2076,100.0,9.3019,17.76,-113.0
8.8192,99.8359,19.0,19.57,-113.0
9.1429,99.2353,16.0,18.095,-113.0
8.3783,100.0,14.0,18.715,-113.0
7.2482,100.0,17.1887,17.53,-114.0
8.1066,9.8334,17.6038,19.505,-112.0
19.061,0.0743,49.8298,21.675,-113.0
4.4301,0.001,8.5661,20.915,-111.0
14.8258,0.0,24.5566,18.945,-111.0
4.7408,0.4288,8.5473,20.22,-113.0
7.196,0.004,16.0565,20.205,-113.0
5.6001,0.0,13.2169,21.845,-113.0
12.9206,0.0,27.8111,18.17,-113.0
2.7749,0.0,5.1132,17.905,-113.0
15.5094,0.0,26.2076,22.345,-113.0
8.917,0.0,18.8396,20.315,-113.0
4.3425,0.0,9.5567,20.315,-113.0
4.753,0.0,8.132,22.355,-114.0
19.7174,0.0,42.6507,21.14,-113.0
5.8961,0.0,11.4716,21.035,-113.0
14.2885,0.1975,26.217,18.69,-113.0
4.9666,0.002,10.6603,21.645,-113.0
4.0454,0.0,11.2548,21.805,-113.0
4.5114,0.0,9.085,21.45,-113.0
1.0659,0.0,2.7453,22.1,-113.0
5.501,0.0,10.151,20.53,-113.0
30.3095,0.0,53.0472,22.155,-113.0
4.4797,0.0,9.9716,21.32,-113.0
0.0167,0.0,0.0,20.0,-113.0
8.1714,0.0,11.6793,20.21,-113.0
11.3298,0.0,20.7639,22.76,-113.0
7.0136,0.0,13.3867,21.395,-112.0
0.0167,0.0,0.0,21.5,-112.0
7.4774,0.0,14.868,21.805,-112.0
2.7017,0.0,6.4906,22.485,-113.0
4.4028,0.0,8.5284,19.6,-113.0
0.064,0.0,0.0944,21.125,-113.0
3.3794,0.0,5.4906,19.195,-113.0
0.1821,0.0,0.0944,20.285,-113.0
4.9504,0.0,14.0471,19.19,-113.7204
28.5214,0.0,49.547,22.0,-113.0
5.6054,0.0,11.7075,21.18,-113.0
0.0726,0.0,0.0,21.67,-113.0
3.2061,0.0,5.8491,19.745,-113.0
3.6762,0.0,5.868,20.655,-113.0
